Employee_Id,Person ID,Date,Name
14,"CheckInTime2023-09-01 11:42:21	",9/1/2023,"CheckOutTime2023-09-01 20:41:41	"
14,"CheckInTime2023-09-02 12:24:02	",9/2/2023,"CheckOutTime2023-09-02 20:04:09	"
14,"CheckInTime2023-09-04 12:18:49	",9/4/2023,"CheckOutTime2023-09-04 21:21:06	"
14,"CheckInTime2023-09-05 12:08:36	",9/5/2023,"CheckOutTime2023-09-05 21:58:57	"
14,"CheckInTime2023-09-06 11:42:38	",9/6/2023,"CheckOutTime2023-09-06 21:13:25	"
14,"CheckInTime2023-09-08 11:50:28	",9/8/2023,"CheckOutTime	"
14,"CheckInTime2023-09-09 12:19:48	",9/9/2023,"CheckOutTime	"
14,"CheckInTime2023-09-11 12:01:49	",9/11/2023,"CheckOutTime2023-09-11 20:30:48	"
14,"CheckInTime2023-09-12 11:53:43	",9/12/2023,"CheckOutTime2023-09-12 21:51:05	"
14,"CheckInTime2023-09-13 11:58:15	",9/13/2023,"CheckOutTime2023-09-13 21:23:02	"
14,"CheckInTime2023-09-14 11:50:48	",9/14/2023,"CheckOutTime	"
14,"CheckInTime2023-09-15 11:47:26	",9/15/2023,"CheckOutTime	"
14,"CheckInTime2023-09-16 12:06:06	",9/16/2023,"CheckOutTime	"
14,"CheckInTime2023-09-18 11:44:00	",9/18/2023,"CheckOutTime2023-09-18 21:00:49	"
14,"CheckInTime2023-09-19 11:52:24	",9/19/2023,"CheckOutTime2023-09-19 21:21:36	"
14,"CheckInTime2023-09-21 11:57:11	",9/20/2023,"CheckOutTime2023-09-20 21:03:49	"
14,"CheckInTime2023-09-21 11:57:11	",9/21/2023,"CheckOutTime2023-09-21 20:53:10	"
14,"CheckInTime2023-09-22 11:52:12	",9/22/2023,"CheckOutTime	"
14,"CheckInTime2023-09-23 12:01:42	",9/23/2023,"CheckOutTime2023-09-23 20:57:23	"
14,"CheckInTime2023-09-25 11:56:45	",9/25/2023,"CheckOutTime2023-09-25 20:30:00	"
14,"CheckInTime2023-09-26 11:51:09	",9/26/2023,"CheckOutTime2023-09-26 21:22:35	"
14,"CheckInTime	",9/27/2023,"CheckOutTime2023-09-27 21:16:50	"
14,"CheckInTime	",9/28/2023,"CheckOutTime2023-09-28 21:29:31	"
14,"CheckInTime2023-09-30 11:30:29	",9/30/2023,"CheckOutTime2023-09-30 21:00:06	"
16,"CheckInTime2023-09-01 11:11:32	",9/1/2023,"CheckOutTime2023-09-01 18:02:44	"
16,"CheckInTime2023-09-02 11:06:05	",9/2/2023,"CheckOutTime2023-09-02 20:35:46	"
16,"CheckInTime2023-09-04 11:14:21	",9/4/2023,"CheckOutTime2023-09-04 21:25:19	"
16,"CheckInTime2023-09-05 11:21:07	",9/5/2023,"CheckOutTime2023-09-05 21:42:28	"
16,"CheckInTime2023-09-06 11:17:49	",9/6/2023,"CheckOutTime2023-09-06 21:25:42	"
16,"CheckInTime2023-09-08 11:26:45	",9/8/2023,"CheckOutTime2023-09-08 21:18:52	"
16,"CheckInTime2023-09-09 11:21:24	",9/9/2023,"CheckOutTime2023-09-09 21:00:33	"
16,"CheckInTime2023-09-11 11:25:33	",9/11/2023,"CheckOutTime2023-09-11 21:36:55	"
16,"CheckInTime2023-09-12 11:24:08	",9/12/2023,"CheckOutTime2023-09-12 21:34:37	"
16,"CheckInTime2023-09-13 11:55:58	",9/13/2023,"CheckOutTime2023-09-13 21:30:56	"
16,"CheckInTime2023-09-14 11:32:33	",9/14/2023,"CheckOutTime2023-09-14 21:14:41	"
16,"CheckInTime2023-09-15 11:28:15	",9/15/2023,"CheckOutTime2023-09-15 21:19:10	"
16,"CheckInTime2023-09-16 11:12:07	",9/16/2023,"CheckOutTime2023-09-16 19:42:54	"
16,"CheckInTime2023-09-18 11:13:12	",9/18/2023,"CheckOutTime2023-09-18 21:33:49	"
16,"CheckInTime2023-09-19 11:24:22	",9/19/2023,"CheckOutTime2023-09-19 21:27:49	"
16,"CheckInTime2023-09-20 11:24:36	",9/20/2023,"CheckOutTime2023-09-20 21:10:39	"
16,"CheckInTime2023-09-21 11:15:26	",9/21/2023,"CheckOutTime2023-09-21 21:41:10	"
16,"CheckInTime2023-09-22 11:25:07	",9/22/2023,"CheckOutTime2023-09-22 21:23:26	"
16,"CheckInTime2023-09-23 11:31:54	",9/23/2023,"CheckOutTime2023-09-23 20:58:09	"
16,"CheckInTime2023-09-25 11:47:17	",9/25/2023,"CheckOutTime2023-09-25 21:07:23	"
16,"CheckInTime2023-09-26 11:24:53	",9/26/2023,"CheckOutTime2023-09-26 21:34:37	"
16,"CheckInTime2023-09-27 11:24:03	",9/27/2023,"CheckOutTime2023-09-27 21:53:57	"
16,"CheckInTime2023-09-28 11:19:54	",9/28/2023,"CheckOutTime2023-09-28 21:46:31	"
16,"CheckInTime2023-09-30 11:22:39	",9/30/2023,"CheckOutTime2023-09-30 21:20:32	"
17,"CheckInTime2023-09-01 12:50:48	",9/1/2023,"CheckOutTime2023-09-01 21:24:44	"
17,"CheckInTime2023-09-02 12:38:02	",9/2/2023,"CheckOutTime2023-09-02 22:57:50	"
17,"CheckInTime2023-09-04 11:59:08	",9/4/2023,"CheckOutTime2023-09-04 23:14:49	"
17,"CheckInTime2023-09-05 12:13:37	",9/5/2023,"CheckOutTime2023-09-05 22:14:12	"
17,"CheckInTime2023-09-06 12:23:30	",9/6/2023,"CheckOutTime2023-09-06 22:52:32	"
17,"CheckInTime2023-09-08 12:22:55	",9/8/2023,"CheckOutTime2023-09-08 21:47:57	"
17,"CheckInTime2023-09-09 12:16:06	",9/9/2023,"CheckOutTime2023-09-09 21:58:47	"
17,"CheckInTime2023-09-11 12:24:43	",9/11/2023,"CheckOutTime2023-09-12 00:26:43	"
17,"CheckInTime2023-09-12 12:00:42	",9/12/2023,"CheckOutTime2023-09-12 23:49:26	"
17,"CheckInTime2023-09-13 12:38:19	",9/13/2023,"CheckOutTime2023-09-13 21:44:28	"
17,"CheckInTime2023-09-14 12:22:43	",9/14/2023,"CheckOutTime2023-09-14 22:12:48	"
17,"CheckInTime2023-09-15 12:46:47	",9/15/2023,"CheckOutTime2023-09-15 22:41:43	"
17,"CheckInTime2023-09-16 12:27:30	",9/16/2023,"CheckOutTime2023-09-16 22:07:10	"
17,"CheckInTime2023-09-18 12:19:43	",9/18/2023,"CheckOutTime2023-09-19 00:29:34	"
17,"CheckInTime2023-09-20 12:25:55	",9/20/2023,"CheckOutTime2023-09-21 00:07:38	"
17,"CheckInTime	",9/21/2023,"CheckOutTime2023-09-21 22:33:27	"
17,"CheckInTime2023-09-22 12:48:04	",9/22/2023,"CheckOutTime2023-09-22 23:46:42	"
17,"CheckInTime2023-09-23 12:09:07	",9/23/2023,"CheckOutTime2023-09-23 22:07:24	"
17,"CheckInTime2023-09-25 12:30:24	",9/25/2023,"CheckOutTime2023-09-25 21:30:52	"
17,"CheckInTime2023-09-26 11:49:51	",9/26/2023,"CheckOutTime2023-09-26 21:47:10	"
17,"CheckInTime2023-09-27 12:01:12	",9/27/2023,"CheckOutTime2023-09-27 22:37:28	"
17,"CheckInTime2023-09-28 11:55:20	",9/28/2023,"CheckOutTime2023-09-28 22:06:30	"
17,"CheckInTime2023-09-30 12:01:37	",9/30/2023,"CheckOutTime2023-09-30 21:33:08	"
18,"CheckInTime2023-09-01 10:56:30	",9/1/2023,"CheckOutTime2023-09-01 20:52:23	"
18,"CheckInTime2023-09-04 10:46:16	",9/2/2023,"CheckOutTime2023-09-04 20:40:56	"
18,"CheckInTime2023-09-05 10:46:38	",9/5/2023,"CheckOutTime2023-09-05 20:36:11	"
18,"CheckInTime2023-09-06 10:42:59	",9/6/2023,"CheckOutTime2023-09-06 20:36:57	"
18,"CheckInTime2023-09-08 10:42:59	",9/8/2023,"CheckOutTime	"
18,"CheckInTime2023-09-09 10:52:16	",9/9/2023,"CheckOutTime	"
19,"CheckInTime2023-09-01 11:22:56	",9/1/2023,"CheckOutTime2023-09-01 21:43:16	"
19,"CheckInTime2023-09-02 11:29:07	",9/2/2023,"CheckOutTime2023-09-02 20:36:25	"
19,"CheckInTime2023-09-04 12:17:04	",9/4/2023,"CheckOutTime2023-09-04 21:25:31	"
19,"CheckInTime2023-09-05 11:40:31	",9/5/2023,"CheckOutTime2023-09-06 11:52:48	"
19,"CheckInTime	",9/6/2023,"CheckOutTime2023-09-06 21:26:00	"
19,"CheckInTime2023-09-08 11:41:28	",9/8/2023,"CheckOutTime2023-09-08 21:18:31	"
19,"CheckInTime2023-09-09 11:28:45	",9/9/2023,"CheckOutTime2023-09-09 21:01:12	"
19,"CheckInTime2023-09-11 11:54:16	",9/11/2023,"CheckOutTime2023-09-11 21:37:11	"
19,"CheckInTime2023-09-12 11:40:32	",9/12/2023,"CheckOutTime2023-09-12 21:34:27	"
19,"CheckInTime2023-09-13 11:29:53	",9/13/2023,"CheckOutTime2023-09-13 21:45:12	"
19,"CheckInTime2023-09-14 11:29:11	",9/14/2023,"CheckOutTime2023-09-14 21:14:56	"
19,"CheckInTime2023-09-15 11:44:58	",9/15/2023,"CheckOutTime2023-09-15 21:19:23	"
19,"CheckInTime2023-09-16 11:47:33	",9/16/2023,"CheckOutTime	"
19,"CheckInTime2023-09-18 11:42:39	",9/18/2023,"CheckOutTime2023-09-18 21:46:28	"
19,"CheckInTime2023-09-19 11:37:02	",9/19/2023,"CheckOutTime2023-09-19 21:28:03	"
19,"CheckInTime2023-09-20 11:48:10	",9/20/2023,"CheckOutTime2023-09-20 21:10:12	"
19,"CheckInTime2023-09-22 11:00:48	",9/22/2023,"CheckOutTime2023-09-22 21:12:18	"
19,"CheckInTime2023-09-23 12:03:13	",9/23/2023,"CheckOutTime2023-09-23 20:58:17	"
19,"CheckInTime2023-09-25 11:54:16	",9/25/2023,"CheckOutTime2023-09-25 21:07:36	"
19,"CheckInTime2023-09-26 11:43:32	",9/26/2023,"CheckOutTime2023-09-26 21:33:16	"
19,"CheckInTime2023-09-27 11:46:40	",9/27/2023,"CheckOutTime2023-09-27 21:54:15	"
19,"CheckInTime2023-09-28 12:13:34	",9/28/2023,"CheckOutTime2023-09-28 21:43:01	"
19,"CheckInTime2023-09-30 11:36:16	",9/30/2023,"CheckOutTime2023-09-30 21:20:42	"
20,"CheckInTime2023-09-01 11:54:22	",9/1/2023,"CheckOutTime2023-09-01 20:34:02	"
20,"CheckInTime2023-09-02 11:58:39	",9/2/2023,"CheckOutTime2023-09-02 20:04:00	"
20,"CheckInTime2023-09-04 12:10:24	",9/4/2023,"CheckOutTime2023-09-04 21:32:37	"
20,"CheckInTime2023-09-05 14:15:25	",9/5/2023,"CheckOutTime2023-09-05 20:48:45	"
20,"CheckInTime2023-09-06 14:53:35	",9/6/2023,"CheckOutTime2023-09-06 20:58:10	"
20,"CheckInTime2023-09-08 11:52:05	",9/8/2023,"CheckOutTime2023-09-08 20:40:01	"
20,"CheckInTime2023-09-11 12:23:23	",9/11/2023,"CheckOutTime	"
20,"CheckInTime2023-09-12 14:58:27	",9/12/2023,"CheckOutTime2023-09-12 21:19:32	"
20,"CheckInTime2023-09-13 14:52:01	",9/13/2023,"CheckOutTime2023-09-13 21:14:21	"
20,"CheckInTime2023-09-14 14:49:25	",9/14/2023,"CheckOutTime2023-09-14 20:58:32	"
20,"CheckInTime2023-09-15 12:07:40	",9/15/2023,"CheckOutTime2023-09-15 20:40:55	"
20,"CheckInTime2023-09-16 13:28:54	",9/16/2023,"CheckOutTime2023-09-16 21:17:09	"
20,"CheckInTime2023-09-18 14:26:25	",9/18/2023,"CheckOutTime	"
20,"CheckInTime2023-09-19 14:40:52	",9/19/2023,"CheckOutTime2023-09-19 21:15:03	"
20,"CheckInTime2023-09-20 14:24:30	",9/20/2023,"CheckOutTime	"
20,"CheckInTime2023-09-21 14:44:00	",9/21/2023,"CheckOutTime2023-09-21 20:44:14	"
20,"CheckInTime2023-09-22 12:46:36	",9/22/2023,"CheckOutTime2023-09-22 21:16:53	"
20,"CheckInTime2023-09-23 11:57:36	",9/23/2023,"CheckOutTime2023-09-23 20:45:53	"
20,"CheckInTime2023-09-25 14:51:04	",9/25/2023,"CheckOutTime2023-09-25 21:14:30	"
20,"CheckInTime2023-09-26 14:44:03	",9/26/2023,"CheckOutTime2023-09-26 21:17:06	"
20,"CheckInTime2023-09-27 14:47:15	",9/27/2023,"CheckOutTime2023-09-27 21:32:45	"
20,"CheckInTime2023-09-28 14:50:28	",9/28/2023,"CheckOutTime2023-09-28 20:55:23	"
20,"CheckInTime2023-09-30 11:57:52	",9/30/2023,"CheckOutTime2023-09-30 20:53:07	"
21,"CheckInTime2023-09-01 11:12:06	",9/1/2023,"CheckOutTime	"
21,"CheckInTime2023-09-02 11:39:55	",9/2/2023,"CheckOutTime2023-09-02 19:16:14	"
21,"CheckInTime2023-09-04 11:04:34	",9/4/2023,"CheckOutTime2023-09-04 19:33:05	"
21,"CheckInTime2023-09-05 11:20:25	",9/5/2023,"CheckOutTime2023-09-05 19:37:18	"
21,"CheckInTime2023-09-06 10:35:44	",9/6/2023,"CheckOutTime2023-09-06 19:32:41	"
21,"CheckInTime2023-09-08 10:56:58	",9/8/2023,"CheckOutTime2023-09-08 19:42:26	"
21,"CheckInTime2023-09-09 11:14:11	",9/9/2023,"CheckOutTime2023-09-09 18:59:55	"
21,"CheckInTime2023-09-11 11:01:51	",9/11/2023,"CheckOutTime2023-09-11 19:22:21	"
21,"CheckInTime2023-09-12 11:12:53	",9/12/2023,"CheckOutTime2023-09-12 19:27:07	"
21,"CheckInTime2023-09-13 10:53:06	",9/13/2023,"CheckOutTime2023-09-13 19:29:13	"
21,"CheckInTime2023-09-14 11:03:13	",9/14/2023,"CheckOutTime2023-09-14 19:28:13	"
21,"CheckInTime2023-09-15 11:06:02	",9/15/2023,"CheckOutTime2023-09-15 19:28:43	"
21,"CheckInTime2023-09-16 11:13:54	",9/16/2023,"CheckOutTime2023-09-16 17:29:23	"
21,"CheckInTime2023-09-18 11:27:15	",9/18/2023,"CheckOutTime2023-09-18 19:27:14	"
21,"CheckInTime2023-09-19 11:03:23	",9/19/2023,"CheckOutTime2023-09-19 19:31:49	"
21,"CheckInTime2023-09-20 11:36:56	",9/20/2023,"CheckOutTime2023-09-20 19:17:38	"
21,"CheckInTime2023-09-21 11:11:45	",9/21/2023,"CheckOutTime2023-09-21 19:31:58	"
21,"CheckInTime2023-09-22 11:10:28	",9/22/2023,"CheckOutTime2023-09-22 19:31:42	"
21,"CheckInTime2023-09-23 11:02:54	",9/23/2023,"CheckOutTime	"
21,"CheckInTime2023-09-25 11:14:39	",9/25/2023,"CheckOutTime2023-09-25 19:27:06	"
21,"CheckInTime2023-09-26 10:52:27	",9/26/2023,"CheckOutTime2023-09-26 19:24:48	"
21,"CheckInTime2023-09-27 11:08:16	",9/27/2023,"CheckOutTime2023-09-27 19:15:47	"
21,"CheckInTime2023-09-28 11:06:40	",9/28/2023,"CheckOutTime	"
21,"CheckInTime2023-09-30 11:07:46	",9/30/2023,"CheckOutTime2023-09-30 19:26:27	"
22,"CheckInTime2023-09-01 11:29:48	",9/1/2023,"CheckOutTime2023-09-01 21:07:25	"
22,"CheckInTime2023-09-02 11:32:08	",9/2/2023,"CheckOutTime2023-09-02 22:08:59	"
22,"CheckInTime2023-09-05 11:24:24	",9/4/2023,"CheckOutTime2023-09-04 22:54:39	"
22,"CheckInTime2023-09-05 11:24:24	",9/5/2023,"CheckOutTime2023-09-05 22:10:55	"
22,"CheckInTime2023-09-06 11:16:55	",9/6/2023,"CheckOutTime2023-09-06 22:37:15	"
22,"CheckInTime2023-09-08 11:45:26	",9/8/2023,"CheckOutTime	"
22,"CheckInTime2023-09-09 11:11:05	",9/9/2023,"CheckOutTime2023-09-09 21:51:36	"
22,"CheckInTime2023-09-11 11:15:35	",9/11/2023,"CheckOutTime2023-09-11 23:44:38	"
22,"CheckInTime2023-09-12 11:18:42	",9/12/2023,"CheckOutTime2023-09-12 23:23:52	"
22,"CheckInTime2023-09-13 11:27:53	",9/13/2023,"CheckOutTime2023-09-13 21:30:11	"
22,"CheckInTime2023-09-14 11:20:10	",9/14/2023,"CheckOutTime2023-09-14 21:57:24	"
22,"CheckInTime2023-09-15 10:53:09	",9/15/2023,"CheckOutTime2023-09-15 22:23:39	"
22,"CheckInTime2023-09-16 11:11:25	",9/16/2023,"CheckOutTime2023-09-16 21:40:57	"
22,"CheckInTime2023-09-18 11:25:52	",9/18/2023,"CheckOutTime2023-09-18 23:40:52	"
22,"CheckInTime2023-09-19 11:22:56	",9/19/2023,"CheckOutTime2023-09-19 21:52:34	"
22,"CheckInTime2023-09-20 11:21:38	",9/20/2023,"CheckOutTime2023-09-20 22:40:16	"
22,"CheckInTime2023-09-21 11:18:25	",9/21/2023,"CheckOutTime2023-09-21 22:20:37	"
22,"CheckInTime2023-09-23 11:24:53	",9/22/2023,"CheckOutTime2023-09-22 22:52:14	"
22,"CheckInTime2023-09-23 11:24:53	",9/23/2023,"CheckOutTime2023-09-23 21:49:50	"
22,"CheckInTime2023-09-25 11:16:57	",9/25/2023,"CheckOutTime2023-09-25 21:27:28	"
22,"CheckInTime2023-09-26 11:19:18	",9/26/2023,"CheckOutTime2023-09-26 21:44:34	"
22,"CheckInTime2023-09-27 11:15:22	",9/27/2023,"CheckOutTime2023-09-27 22:36:49	"
22,"CheckInTime2023-09-28 11:11:58	",9/28/2023,"CheckOutTime2023-09-28 22:21:10	"
22,"CheckInTime2023-09-30 11:20:55	",9/30/2023,"CheckOutTime2023-09-30 21:32:55	"
23,"CheckInTime2023-09-01 11:33:52	",9/1/2023,"CheckOutTime2023-09-01 21:08:40	"
23,"CheckInTime2023-09-02 11:06:15	",9/2/2023,"CheckOutTime2023-09-02 22:11:14	"
23,"CheckInTime2023-09-04 10:44:02	",9/4/2023,"CheckOutTime2023-09-04 22:55:03	"
23,"CheckInTime2023-09-05 10:46:25	",9/5/2023,"CheckOutTime2023-09-05 22:13:13	"
23,"CheckInTime2023-09-06 10:35:31	",9/6/2023,"CheckOutTime2023-09-06 22:51:14	"
23,"CheckInTime2023-09-08 10:40:42	",9/8/2023,"CheckOutTime2023-09-08 21:41:01	"
23,"CheckInTime2023-09-09 10:52:24	",9/9/2023,"CheckOutTime2023-09-09 21:58:54	"
23,"CheckInTime2023-09-11 10:35:55	",9/11/2023,"CheckOutTime2023-09-11 23:45:05	"
23,"CheckInTime2023-09-12 10:35:44	",9/12/2023,"CheckOutTime2023-09-12 23:24:06	"
23,"CheckInTime2023-09-13 10:32:32	",9/13/2023,"CheckOutTime2023-09-13 21:29:30	"
23,"CheckInTime2023-09-14 10:56:23	",9/14/2023,"CheckOutTime2023-09-14 22:03:47	"
23,"CheckInTime2023-09-15 11:32:48	",9/15/2023,"CheckOutTime2023-09-15 22:23:54	"
23,"CheckInTime2023-09-16 11:02:25	",9/16/2023,"CheckOutTime2023-09-16 22:03:43	"
23,"CheckInTime2023-09-18 10:59:40	",9/18/2023,"CheckOutTime2023-09-18 23:43:20	"
23,"CheckInTime2023-09-19 10:37:16	",9/19/2023,"CheckOutTime2023-09-19 21:55:06	"
23,"CheckInTime2023-09-20 10:36:20	",9/20/2023,"CheckOutTime2023-09-20 22:27:01	"
23,"CheckInTime2023-09-21 10:34:50	",9/21/2023,"CheckOutTime2023-09-21 22:22:42	"
23,"CheckInTime2023-09-22 10:36:52	",9/22/2023,"CheckOutTime2023-09-22 23:01:29	"
23,"CheckInTime2023-09-23 16:49:46	",9/23/2023,"CheckOutTime2023-09-23 21:54:58	"
23,"CheckInTime2023-09-28 14:05:20	",9/28/2023,"CheckOutTime	"
24,"CheckInTime2023-09-01 12:22:03	",9/1/2023,"CheckOutTime2023-09-01 20:41:36	"
24,"CheckInTime2023-09-02 15:18:00	",9/2/2023,"CheckOutTime2023-09-02 20:11:47	"
24,"CheckInTime2023-09-04 11:40:36	",9/4/2023,"CheckOutTime2023-09-04 21:03:48	"
24,"CheckInTime2023-09-05 11:45:24	",9/5/2023,"CheckOutTime2023-09-05 20:05:02	"
24,"CheckInTime2023-09-06 13:18:24	",9/6/2023,"CheckOutTime	"
24,"CheckInTime2023-09-08 10:53:10	",9/8/2023,"CheckOutTime2023-09-08 21:00:31	"
24,"CheckInTime2023-09-11 11:25:01	",9/11/2023,"CheckOutTime2023-09-11 21:02:04	"
24,"CheckInTime2023-09-12 11:22:39	",9/12/2023,"CheckOutTime2023-09-12 21:00:20	"
24,"CheckInTime2023-09-13 11:44:11	",9/13/2023,"CheckOutTime2023-09-13 20:47:50	"
24,"CheckInTime2023-09-14 11:52:52	",9/14/2023,"CheckOutTime2023-09-14 20:55:51	"
24,"CheckInTime2023-09-15 11:12:19	",9/15/2023,"CheckOutTime2023-09-15 20:56:28	"
24,"CheckInTime2023-09-16 11:46:17	",9/16/2023,"CheckOutTime2023-09-16 20:41:31	"
24,"CheckInTime2023-09-18 11:40:35	",9/18/2023,"CheckOutTime2023-09-18 20:31:26	"
24,"CheckInTime2023-09-19 11:19:22	",9/19/2023,"CheckOutTime2023-09-19 21:01:58	"
24,"CheckInTime2023-09-20 11:15:53	",9/20/2023,"CheckOutTime2023-09-20 20:39:21	"
24,"CheckInTime2023-09-21 11:26:47	",9/21/2023,"CheckOutTime2023-09-21 20:55:05	"
24,"CheckInTime2023-09-22 13:21:54	",9/22/2023,"CheckOutTime2023-09-22 19:40:04	"
24,"CheckInTime2023-09-30 11:42:37	",9/30/2023,"CheckOutTime2023-09-30 20:46:25	"
25,"CheckInTime2023-09-01 12:02:04	",9/1/2023,"CheckOutTime2023-09-01 20:05:10	"
25,"CheckInTime2023-09-02 12:04:42	",9/2/2023,"CheckOutTime	"
25,"CheckInTime2023-09-04 12:03:35	",9/4/2023,"CheckOutTime2023-09-04 20:52:22	"
25,"CheckInTime2023-09-05 12:48:26	",9/5/2023,"CheckOutTime2023-09-05 20:51:45	"
25,"CheckInTime2023-09-06 12:07:30	",9/6/2023,"CheckOutTime2023-09-06 20:41:44	"
25,"CheckInTime2023-09-08 11:47:37	",9/8/2023,"CheckOutTime2023-09-08 19:58:00	"
25,"CheckInTime2023-09-09 13:13:28	",9/9/2023,"CheckOutTime2023-09-09 19:15:23	"
25,"CheckInTime2023-09-11 11:52:02	",9/11/2023,"CheckOutTime2023-09-11 20:31:58	"
25,"CheckInTime2023-09-12 12:15:54	",9/12/2023,"CheckOutTime2023-09-12 19:47:12	"
25,"CheckInTime2023-09-13 11:57:51	",9/13/2023,"CheckOutTime2023-09-13 20:25:11	"
25,"CheckInTime2023-09-14 11:52:05	",9/14/2023,"CheckOutTime2023-09-14 20:52:53	"
25,"CheckInTime2023-09-15 11:45:36	",9/15/2023,"CheckOutTime2023-09-15 20:16:08	"
25,"CheckInTime2023-09-16 13:09:20	",9/16/2023,"CheckOutTime2023-09-16 19:02:55	"
25,"CheckInTime2023-09-18 11:54:54	",9/18/2023,"CheckOutTime2023-09-18 20:20:56	"
25,"CheckInTime2023-09-19 11:54:01	",9/19/2023,"CheckOutTime2023-09-19 20:53:18	"
25,"CheckInTime2023-09-20 11:55:42	",9/20/2023,"CheckOutTime2023-09-20 20:31:37	"
25,"CheckInTime2023-09-21 12:32:35	",9/21/2023,"CheckOutTime2023-09-21 20:34:49	"
25,"CheckInTime2023-09-22 12:45:30	",9/22/2023,"CheckOutTime2023-09-22 21:05:21	"
25,"CheckInTime2023-09-23 12:24:51	",9/23/2023,"CheckOutTime	"
25,"CheckInTime2023-09-25 11:34:01	",9/25/2023,"CheckOutTime2023-09-25 20:06:12	"
25,"CheckInTime2023-09-26 12:00:04	",9/26/2023,"CheckOutTime2023-09-26 20:25:26	"
25,"CheckInTime2023-09-27 11:55:12	",9/27/2023,"CheckOutTime2023-09-27 20:39:17	"
25,"CheckInTime2023-09-28 11:40:36	",9/28/2023,"CheckOutTime2023-09-28 18:04:07	"
25,"CheckInTime2023-09-30 11:35:32	",9/30/2023,"CheckOutTime2023-09-30 20:21:44	"
26,"CheckInTime2023-09-01 14:14:02	",9/1/2023,"CheckOutTime2023-09-01 21:09:40	"
26,"CheckInTime2023-09-02 11:43:42	",9/2/2023,"CheckOutTime2023-09-02 22:07:38	"
26,"CheckInTime2023-09-05 11:53:39	",9/4/2023,"CheckOutTime2023-09-05 22:13:42	"
26,"CheckInTime2023-09-06 11:52:24	",9/6/2023,"CheckOutTime2023-09-06 22:50:04	"
26,"CheckInTime2023-09-08 11:59:25	",9/8/2023,"CheckOutTime2023-09-08 21:41:10	"
26,"CheckInTime2023-09-09 12:28:11	",9/9/2023,"CheckOutTime2023-09-09 21:59:03	"
26,"CheckInTime2023-09-11 12:05:20	",9/11/2023,"CheckOutTime2023-09-11 23:44:48	"
26,"CheckInTime2023-09-12 14:48:12	",9/12/2023,"CheckOutTime2023-09-12 21:55:00	"
26,"CheckInTime2023-09-13 12:16:42	",9/13/2023,"CheckOutTime2023-09-13 21:30:15	"
26,"CheckInTime2023-09-14 12:05:25	",9/14/2023,"CheckOutTime2023-09-14 22:03:53	"
26,"CheckInTime2023-09-15 12:40:20	",9/15/2023,"CheckOutTime2023-09-15 22:23:25	"
26,"CheckInTime2023-09-16 12:01:14	",9/16/2023,"CheckOutTime2023-09-16 22:03:49	"
26,"CheckInTime2023-09-18 12:19:55	",9/18/2023,"CheckOutTime2023-09-18 23:41:03	"
26,"CheckInTime2023-09-19 12:49:51	",9/19/2023,"CheckOutTime2023-09-19 21:52:25	"
26,"CheckInTime2023-09-20 12:33:51	",9/20/2023,"CheckOutTime2023-09-20 22:27:09	"
26,"CheckInTime2023-09-21 12:17:40	",9/21/2023,"CheckOutTime2023-09-21 22:22:54	"
26,"CheckInTime2023-09-22 12:36:41	",9/22/2023,"CheckOutTime2023-09-22 23:00:10	"
26,"CheckInTime	",9/23/2023,"CheckOutTime2023-09-23 21:52:34	"
26,"CheckInTime2023-09-28 14:05:02	",9/28/2023,"CheckOutTime	"
27,"CheckInTime2023-09-01 11:31:17	",9/1/2023,"CheckOutTime2023-09-01 21:24:51	"
27,"CheckInTime2023-09-02 11:21:52	",9/2/2023,"CheckOutTime2023-09-02 22:58:00	"
27,"CheckInTime2023-09-04 11:25:55	",9/4/2023,"CheckOutTime2023-09-04 23:15:04	"
27,"CheckInTime2023-09-05 10:57:07	",9/5/2023,"CheckOutTime2023-09-05 22:14:45	"
27,"CheckInTime2023-09-06 11:28:37	",9/6/2023,"CheckOutTime2023-09-06 22:52:13	"
27,"CheckInTime2023-09-08 11:27:10	",9/8/2023,"CheckOutTime2023-09-08 21:47:49	"
27,"CheckInTime2023-09-09 11:22:52	",9/9/2023,"CheckOutTime2023-09-09 21:58:38	"
27,"CheckInTime2023-09-11 11:19:41	",9/11/2023,"CheckOutTime2023-09-12 00:26:18	"
27,"CheckInTime2023-09-12 10:58:54	",9/12/2023,"CheckOutTime2023-09-12 23:49:12	"
27,"CheckInTime2023-09-13 11:39:47	",9/13/2023,"CheckOutTime2023-09-13 21:40:53	"
27,"CheckInTime2023-09-14 11:17:44	",9/14/2023,"CheckOutTime2023-09-14 22:13:03	"
27,"CheckInTime2023-09-15 11:37:15	",9/15/2023,"CheckOutTime2023-09-15 22:42:01	"
27,"CheckInTime2023-09-16 11:10:56	",9/16/2023,"CheckOutTime2023-09-16 22:07:47	"
27,"CheckInTime2023-09-18 11:18:57	",9/18/2023,"CheckOutTime2023-09-19 00:28:54	"
27,"CheckInTime2023-09-19 10:54:02	",9/19/2023,"CheckOutTime2023-09-19 21:57:26	"
27,"CheckInTime2023-09-20 11:21:29	",9/20/2023,"CheckOutTime2023-09-21 00:07:31	"
27,"CheckInTime2023-09-21 11:23:54	",9/21/2023,"CheckOutTime2023-09-21 22:33:12	"
27,"CheckInTime2023-09-22 11:30:53	",9/22/2023,"CheckOutTime2023-09-22 23:46:58	"
27,"CheckInTime2023-09-23 10:55:59	",9/23/2023,"CheckOutTime2023-09-23 22:07:08	"
28,"CheckInTime2023-09-01 12:38:22	",9/1/2023,"CheckOutTime2023-09-01 21:02:48	"
28,"CheckInTime2023-09-02 12:00:39	",9/2/2023,"CheckOutTime2023-09-02 20:04:04	"
28,"CheckInTime2023-09-04 12:50:39	",9/4/2023,"CheckOutTime2023-09-04 20:32:13	"
28,"CheckInTime	",9/5/2023,"CheckOutTime2023-09-05 20:30:30	"
28,"CheckInTime2023-09-06 12:40:50	",9/6/2023,"CheckOutTime2023-09-06 20:37:29	"
28,"CheckInTime2023-09-08 12:35:21	",9/8/2023,"CheckOutTime	"
28,"CheckInTime2023-09-11 12:28:49	",9/11/2023,"CheckOutTime	"
28,"CheckInTime2023-09-12 12:05:04	",9/12/2023,"CheckOutTime	"
28,"CheckInTime2023-09-13 12:34:57	",9/13/2023,"CheckOutTime2023-09-13 20:32:39	"
28,"CheckInTime2023-09-14 12:00:25	",9/14/2023,"CheckOutTime2023-09-14 20:44:41	"
28,"CheckInTime2023-09-15 12:19:41	",9/15/2023,"CheckOutTime2023-09-15 20:40:59	"
28,"CheckInTime2023-09-16 11:30:05	",9/16/2023,"CheckOutTime2023-09-16 20:51:28	"
28,"CheckInTime2023-09-18 12:41:45	",9/18/2023,"CheckOutTime2023-09-18 20:32:36	"
28,"CheckInTime2023-09-19 12:03:07	",9/19/2023,"CheckOutTime2023-09-19 21:06:09	"
28,"CheckInTime2023-09-20 12:32:53	",9/20/2023,"CheckOutTime2023-09-20 20:37:23	"
28,"CheckInTime2023-09-21 11:43:24	",9/21/2023,"CheckOutTime2023-09-21 20:38:16	"
28,"CheckInTime2023-09-22 10:32:11	",9/22/2023,"CheckOutTime	"
28,"CheckInTime2023-09-23 11:39:13	",9/23/2023,"CheckOutTime2023-09-23 20:45:58	"
28,"CheckInTime2023-09-25 12:43:08	",9/25/2023,"CheckOutTime2023-09-25 20:25:32	"
28,"CheckInTime2023-09-26 11:53:23	",9/26/2023,"CheckOutTime2023-09-26 20:26:29	"
28,"CheckInTime2023-09-27 12:44:02	",9/27/2023,"CheckOutTime2023-09-27 20:36:28	"
28,"CheckInTime2023-09-28 11:46:25	",9/28/2023,"CheckOutTime2023-09-28 20:31:30	"
28,"CheckInTime2023-09-30 11:49:48	",9/30/2023,"CheckOutTime2023-09-30 20:42:49	"
29,"CheckInTime2023-09-04 12:02:08	",9/4/2023,"CheckOutTime2023-09-04 20:32:25	"
29,"CheckInTime2023-09-05 11:43:57	",9/5/2023,"CheckOutTime2023-09-05 20:52:18	"
29,"CheckInTime2023-09-06 11:39:38	",9/6/2023,"CheckOutTime	"
29,"CheckInTime2023-09-08 11:40:25	",9/8/2023,"CheckOutTime2023-09-08 20:28:50	"
29,"CheckInTime2023-09-09 11:43:05	",9/9/2023,"CheckOutTime2023-09-09 19:19:36	"
29,"CheckInTime2023-09-11 11:43:15	",9/11/2023,"CheckOutTime2023-09-11 20:30:59	"
29,"CheckInTime2023-09-12 11:57:45	",9/12/2023,"CheckOutTime2023-09-12 20:50:12	"
29,"CheckInTime2023-09-13 11:30:20	",9/13/2023,"CheckOutTime2023-09-13 20:31:59	"
29,"CheckInTime2023-09-14 11:39:38	",9/14/2023,"CheckOutTime	"
29,"CheckInTime2023-09-15 12:04:58	",9/15/2023,"CheckOutTime2023-09-15 20:48:39	"
29,"CheckInTime2023-09-16 11:36:10	",9/16/2023,"CheckOutTime2023-09-16 20:49:20	"
29,"CheckInTime2023-09-18 11:42:30	",9/18/2023,"CheckOutTime2023-09-18 20:58:12	"
29,"CheckInTime2023-09-19 11:43:08	",9/19/2023,"CheckOutTime2023-09-19 20:53:26	"
29,"CheckInTime2023-09-21 11:41:47	",9/21/2023,"CheckOutTime2023-09-21 20:55:26	"
29,"CheckInTime2023-09-22 11:41:52	",9/22/2023,"CheckOutTime2023-09-22 20:40:12	"
29,"CheckInTime2023-09-23 11:37:57	",9/23/2023,"CheckOutTime	"
29,"CheckInTime2023-09-25 12:44:14	",9/25/2023,"CheckOutTime2023-09-25 20:44:30	"
29,"CheckInTime2023-09-26 11:40:14	",9/26/2023,"CheckOutTime2023-09-26 20:47:58	"
29,"CheckInTime2023-09-27 11:47:26	",9/27/2023,"CheckOutTime2023-09-27 21:08:51	"
29,"CheckInTime2023-09-28 11:52:45	",9/28/2023,"CheckOutTime2023-09-28 20:35:24	"
29,"CheckInTime2023-09-30 11:48:43	",9/30/2023,"CheckOutTime2023-09-30 19:48:26	"
30,"CheckInTime2023-09-01 12:12:24	",9/1/2023,"CheckOutTime	"
30,"CheckInTime2023-09-04 13:07:18	",9/4/2023,"CheckOutTime2023-09-04 20:47:29	"
30,"CheckInTime2023-09-05 12:14:51	",9/5/2023,"CheckOutTime2023-09-05 20:57:12	"
30,"CheckInTime2023-09-06 11:35:52	",9/6/2023,"CheckOutTime2023-09-06 21:06:09	"
30,"CheckInTime2023-09-08 11:30:24	",9/8/2023,"CheckOutTime2023-09-08 21:24:48	"
30,"CheckInTime2023-09-09 11:42:02	",9/9/2023,"CheckOutTime2023-09-09 21:13:54	"
30,"CheckInTime2023-09-11 11:40:31	",9/11/2023,"CheckOutTime2023-09-11 20:57:32	"
30,"CheckInTime2023-09-12 12:38:05	",9/12/2023,"CheckOutTime	"
30,"CheckInTime2023-09-13 11:56:39	",9/13/2023,"CheckOutTime2023-09-13 20:39:52	"
30,"CheckInTime2023-09-14 11:36:59	",9/14/2023,"CheckOutTime	"
30,"CheckInTime2023-09-15 12:04:38	",9/15/2023,"CheckOutTime2023-09-15 20:42:38	"
30,"CheckInTime2023-09-16 11:26:16	",9/16/2023,"CheckOutTime2023-09-16 20:41:13	"
30,"CheckInTime2023-09-18 12:45:10	",9/18/2023,"CheckOutTime2023-09-18 21:20:20	"
30,"CheckInTime2023-09-19 11:42:43	",9/19/2023,"CheckOutTime2023-09-19 20:30:18	"
30,"CheckInTime2023-09-20 11:36:50	",9/20/2023,"CheckOutTime2023-09-20 20:29:08	"
30,"CheckInTime2023-09-21 11:42:12	",9/21/2023,"CheckOutTime	"
30,"CheckInTime2023-09-22 11:49:37	",9/22/2023,"CheckOutTime2023-09-22 20:39:18	"
30,"CheckInTime2023-09-23 11:39:41	",9/23/2023,"CheckOutTime	"
30,"CheckInTime2023-09-25 11:32:53	",9/25/2023,"CheckOutTime2023-09-25 20:48:54	"
30,"CheckInTime2023-09-26 11:47:48	",9/26/2023,"CheckOutTime2023-09-26 20:38:15	"
30,"CheckInTime2023-09-27 11:31:30	",9/27/2023,"CheckOutTime	"
30,"CheckInTime2023-09-28 11:38:31	",9/28/2023,"CheckOutTime	"
30,"CheckInTime2023-09-30 12:01:23	",9/30/2023,"CheckOutTime2023-09-30 20:46:43	"
31,"CheckInTime2023-09-04 11:38:29	",9/4/2023,"CheckOutTime	"
31,"CheckInTime2023-09-08 11:42:23	",9/8/2023,"CheckOutTime2023-09-08 21:23:33	"
31,"CheckInTime2023-09-13 11:50:36	",9/13/2023,"CheckOutTime2023-09-13 21:00:13	"
31,"CheckInTime	",9/14/2023,"CheckOutTime2023-09-14 21:14:31	"
31,"CheckInTime2023-09-18 11:21:23	",9/18/2023,"CheckOutTime	"
31,"CheckInTime	",9/21/2023,"CheckOutTime2023-09-21 21:18:24	"
31,"CheckInTime2023-09-22 12:31:07	",9/22/2023,"CheckOutTime	"
31,"CheckInTime2023-09-26 11:47:20	",9/26/2023,"CheckOutTime2023-09-26 21:44:48	"
31,"CheckInTime2023-09-27 11:27:02	",9/27/2023,"CheckOutTime2023-09-27 21:20:26	"
32,"CheckInTime2023-09-01 11:18:05	",9/1/2023,"CheckOutTime2023-09-02 00:10:01	"
32,"CheckInTime2023-09-02 11:09:25	",9/2/2023,"CheckOutTime2023-09-02 20:52:09	"
32,"CheckInTime2023-09-04 10:43:53	",9/4/2023,"CheckOutTime2023-09-05 00:25:30	"
32,"CheckInTime2023-09-05 11:06:24	",9/5/2023,"CheckOutTime2023-09-06 00:47:52	"
32,"CheckInTime2023-09-06 10:42:43	",9/6/2023,"CheckOutTime2023-09-07 00:07:01	"
32,"CheckInTime2023-09-08 10:40:35	",9/8/2023,"CheckOutTime2023-09-09 01:00:47	"
32,"CheckInTime2023-09-09 11:10:44	",9/9/2023,"CheckOutTime2023-09-09 21:44:44	"
32,"CheckInTime2023-09-11 10:42:33	",9/11/2023,"CheckOutTime2023-09-12 00:16:45	"
32,"CheckInTime2023-09-12 11:00:54	",9/12/2023,"CheckOutTime2023-09-13 00:44:13	"
32,"CheckInTime2023-09-13 10:48:08	",9/13/2023,"CheckOutTime2023-09-14 01:07:34	"
32,"CheckInTime2023-09-14 01:07:26	",9/14/2023,"CheckOutTime2023-09-15 00:55:45	"
32,"CheckInTime2023-09-15 10:57:50	",9/15/2023,"CheckOutTime2023-09-16 00:53:13	"
32,"CheckInTime2023-09-16 11:44:38	",9/16/2023,"CheckOutTime2023-09-16 20:27:22	"
32,"CheckInTime2023-09-18 11:06:59	",9/18/2023,"CheckOutTime2023-09-19 00:10:30	"
32,"CheckInTime2023-09-19 11:25:16	",9/19/2023,"CheckOutTime2023-09-20 00:23:32	"
32,"CheckInTime2023-09-20 11:04:02	",9/20/2023,"CheckOutTime2023-09-21 00:37:24	"
32,"CheckInTime2023-09-21 11:13:48	",9/21/2023,"CheckOutTime2023-09-22 00:29:38	"
32,"CheckInTime2023-09-22 11:01:59	",9/22/2023,"CheckOutTime2023-09-23 00:38:48	"
32,"CheckInTime2023-09-23 11:50:33	",9/23/2023,"CheckOutTime2023-09-23 19:45:14	"
32,"CheckInTime2023-09-25 10:51:06	",9/25/2023,"CheckOutTime2023-09-26 00:36:47	"
32,"CheckInTime2023-09-26 10:43:57	",9/26/2023,"CheckOutTime2023-09-27 00:45:28	"
32,"CheckInTime2023-09-27 11:01:20	",9/27/2023,"CheckOutTime2023-09-28 00:15:38	"
32,"CheckInTime2023-09-28 10:49:38	",9/28/2023,"CheckOutTime2023-09-29 00:24:20	"
32,"CheckInTime2023-09-30 11:01:06	",9/30/2023,"CheckOutTime2023-09-30 20:44:39	"
33,"CheckInTime2023-09-01 11:34:18	",9/1/2023,"CheckOutTime	"
33,"CheckInTime2023-09-02 11:41:12	",9/2/2023,"CheckOutTime2023-09-02 19:56:08	"
33,"CheckInTime2023-09-04 11:45:36	",9/4/2023,"CheckOutTime2023-09-04 20:43:27	"
33,"CheckInTime2023-09-05 12:24:57	",9/5/2023,"CheckOutTime2023-09-05 20:34:22	"
33,"CheckInTime	",9/6/2023,"CheckOutTime2023-09-06 20:43:03	"
33,"CheckInTime2023-09-08 11:39:16	",9/8/2023,"CheckOutTime	"
33,"CheckInTime2023-09-09 11:40:12	",9/9/2023,"CheckOutTime2023-09-09 19:20:58	"
33,"CheckInTime2023-09-11 11:44:00	",9/11/2023,"CheckOutTime2023-09-11 20:41:29	"
33,"CheckInTime2023-09-12 11:43:27	",9/12/2023,"CheckOutTime2023-09-12 20:50:20	"
33,"CheckInTime2023-09-13 11:45:26	",9/13/2023,"CheckOutTime2023-09-13 20:27:11	"
33,"CheckInTime2023-09-14 11:45:56	",9/14/2023,"CheckOutTime2023-09-14 20:52:44	"
33,"CheckInTime2023-09-15 11:45:26	",9/15/2023,"CheckOutTime2023-09-15 20:24:13	"
33,"CheckInTime2023-09-16 11:43:51	",9/16/2023,"CheckOutTime	"
33,"CheckInTime2023-09-18 11:42:24	",9/18/2023,"CheckOutTime	"
33,"CheckInTime2023-09-19 11:51:40	",9/19/2023,"CheckOutTime2023-09-19 20:58:05	"
33,"CheckInTime2023-09-20 11:47:12	",9/20/2023,"CheckOutTime2023-09-20 20:26:40	"
33,"CheckInTime2023-09-21 11:42:02	",9/21/2023,"CheckOutTime2023-09-21 20:32:11	"
33,"CheckInTime2023-09-22 11:42:08	",9/22/2023,"CheckOutTime2023-09-22 20:32:06	"
33,"CheckInTime2023-09-23 11:44:52	",9/23/2023,"CheckOutTime	"
33,"CheckInTime2023-09-25 11:45:31	",9/25/2023,"CheckOutTime	"
33,"CheckInTime2023-09-27 11:48:08	",9/27/2023,"CheckOutTime	"
33,"CheckInTime2023-09-28 11:40:49	",9/28/2023,"CheckOutTime	"
33,"CheckInTime2023-09-30 11:42:16	",9/30/2023,"CheckOutTime2023-09-30 20:36:16	"
34,"CheckInTime2023-09-02 11:22:45	",9/2/2023,"CheckOutTime	"
34,"CheckInTime2023-09-06 11:28:22	",9/6/2023,"CheckOutTime	"
34,"CheckInTime2023-09-08 12:24:59	",9/8/2023,"CheckOutTime	"
34,"CheckInTime2023-09-09 11:28:18	",9/9/2023,"CheckOutTime	"
34,"CheckInTime2023-09-11 11:30:02	",9/11/2023,"CheckOutTime	"
34,"CheckInTime2023-09-12 11:32:19	",9/12/2023,"CheckOutTime2023-09-12 20:32:32	"
34,"CheckInTime2023-09-13 11:34:28	",9/13/2023,"CheckOutTime	"
34,"CheckInTime2023-09-14 11:29:44	",9/14/2023,"CheckOutTime	"
34,"CheckInTime2023-09-15 11:45:18	",9/15/2023,"CheckOutTime	"
34,"CheckInTime2023-09-16 11:36:01	",9/16/2023,"CheckOutTime	"
34,"CheckInTime2023-09-18 11:33:48	",9/18/2023,"CheckOutTime	"
34,"CheckInTime2023-09-19 11:26:09	",9/19/2023,"CheckOutTime	"
34,"CheckInTime2023-09-20 11:31:58	",9/20/2023,"CheckOutTime	"
34,"CheckInTime2023-09-21 11:30:01	",9/21/2023,"CheckOutTime	"
34,"CheckInTime2023-09-25 11:38:14	",9/25/2023,"CheckOutTime	"
34,"CheckInTime2023-09-26 11:32:43	",9/26/2023,"CheckOutTime	"
34,"CheckInTime2023-09-27 11:29:32	",9/27/2023,"CheckOutTime	"
34,"CheckInTime2023-09-28 11:30:23	",9/28/2023,"CheckOutTime	"
34,"CheckInTime2023-09-30 11:05:20	",9/30/2023,"CheckOutTime	"
35,"CheckInTime2023-09-02 19:25:19	",9/2/2023,"CheckOutTime2023-09-02 21:36:34	"
35,"CheckInTime2023-09-04 11:23:14	",9/4/2023,"CheckOutTime2023-09-04 20:39:52	"
35,"CheckInTime2023-09-05 11:16:01	",9/5/2023,"CheckOutTime2023-09-05 21:08:15	"
35,"CheckInTime2023-09-06 11:20:19	",9/6/2023,"CheckOutTime	"
35,"CheckInTime2023-09-11 11:22:53	",9/11/2023,"CheckOutTime2023-09-11 20:32:21	"
35,"CheckInTime2023-09-13 11:13:23	",9/12/2023,"CheckOutTime2023-09-12 20:51:11	"
35,"CheckInTime2023-09-13 11:13:23	",9/13/2023,"CheckOutTime	"
35,"CheckInTime2023-09-15 10:46:47	",9/15/2023,"CheckOutTime	"
35,"CheckInTime2023-09-16 11:21:30	",9/16/2023,"CheckOutTime	"
35,"CheckInTime2023-09-18 11:19:29	",9/18/2023,"CheckOutTime	"
35,"CheckInTime2023-09-19 11:33:05	",9/19/2023,"CheckOutTime	"
35,"CheckInTime2023-09-21 11:13:16	",9/21/2023,"CheckOutTime	"
35,"CheckInTime2023-09-22 11:21:05	",9/22/2023,"CheckOutTime	"
35,"CheckInTime2023-09-23 11:06:23	",9/23/2023,"CheckOutTime	"
35,"CheckInTime2023-09-25 11:13:11	",9/25/2023,"CheckOutTime	"
35,"CheckInTime2023-09-26 11:14:34	",9/26/2023,"CheckOutTime	"
35,"CheckInTime2023-09-27 11:09:52	",9/27/2023,"CheckOutTime	"
35,"CheckInTime2023-09-28 11:23:48	",9/28/2023,"CheckOutTime	"
36,"CheckInTime	",9/1/2023,"CheckOutTime2023-09-01 20:44:20	"
36,"CheckInTime2023-09-02 12:02:42	",9/2/2023,"CheckOutTime2023-09-02 19:12:40	"
36,"CheckInTime2023-09-05 11:45:57	",9/5/2023,"CheckOutTime2023-09-05 20:06:00	"
36,"CheckInTime2023-09-06 11:44:57	",9/6/2023,"CheckOutTime2023-09-06 19:43:11	"
36,"CheckInTime2023-09-09 12:05:45	",9/9/2023,"CheckOutTime2023-09-09 22:10:15	"
36,"CheckInTime2023-09-12 12:15:34	",9/12/2023,"CheckOutTime2023-09-12 21:22:19	"
36,"CheckInTime2023-09-13 11:33:11	",9/13/2023,"CheckOutTime2023-09-13 21:14:23	"
36,"CheckInTime2023-09-14 11:46:51	",9/14/2023,"CheckOutTime2023-09-14 20:53:37	"
36,"CheckInTime2023-09-15 11:38:31	",9/15/2023,"CheckOutTime2023-09-15 20:40:53	"
36,"CheckInTime2023-09-16 11:39:03	",9/16/2023,"CheckOutTime2023-09-16 21:17:03	"
36,"CheckInTime2023-09-18 11:47:05	",9/18/2023,"CheckOutTime2023-09-18 20:40:50	"
36,"CheckInTime2023-09-19 11:43:03	",9/19/2023,"CheckOutTime2023-09-19 21:00:56	"
36,"CheckInTime2023-09-20 11:34:59	",9/20/2023,"CheckOutTime2023-09-20 19:45:16	"
36,"CheckInTime2023-09-21 11:50:23	",9/21/2023,"CheckOutTime2023-09-21 20:47:33	"
36,"CheckInTime2023-09-22 11:44:16	",9/22/2023,"CheckOutTime2023-09-22 20:36:13	"
36,"CheckInTime2023-09-23 11:38:45	",9/23/2023,"CheckOutTime2023-09-23 19:59:57	"
36,"CheckInTime2023-09-25 11:52:18	",9/25/2023,"CheckOutTime2023-09-25 20:25:28	"
36,"CheckInTime2023-09-26 11:40:06	",9/26/2023,"CheckOutTime2023-09-26 20:24:56	"
36,"CheckInTime2023-09-27 11:48:34	",9/27/2023,"CheckOutTime2023-09-27 20:36:25	"
36,"CheckInTime2023-09-28 11:32:21	",9/28/2023,"CheckOutTime2023-09-28 20:59:52	"
36,"CheckInTime2023-09-30 11:44:48	",9/30/2023,"CheckOutTime2023-09-30 20:42:53	"
37,"CheckInTime2023-09-01 12:07:54	",9/1/2023,"CheckOutTime2023-09-01 20:11:27	"
37,"CheckInTime2023-09-04 11:59:27	",9/4/2023,"CheckOutTime2023-09-04 20:42:48	"
37,"CheckInTime2023-09-05 13:05:26	",9/5/2023,"CheckOutTime2023-09-05 20:52:35	"
37,"CheckInTime2023-09-06 12:09:57	",9/6/2023,"CheckOutTime2023-09-06 20:23:03	"
37,"CheckInTime2023-09-08 12:01:23	",9/8/2023,"CheckOutTime2023-09-08 20:18:57	"
37,"CheckInTime2023-09-11 12:10:55	",9/11/2023,"CheckOutTime2023-09-11 20:40:52	"
37,"CheckInTime2023-09-12 11:48:10	",9/12/2023,"CheckOutTime2023-09-12 20:17:04	"
37,"CheckInTime2023-09-13 15:06:24	",9/13/2023,"CheckOutTime2023-09-13 20:19:39	"
37,"CheckInTime2023-09-14 12:00:29	",9/14/2023,"CheckOutTime2023-09-14 20:38:28	"
37,"CheckInTime2023-09-15 12:08:08	",9/15/2023,"CheckOutTime2023-09-15 20:25:07	"
37,"CheckInTime2023-09-18 11:52:45	",9/18/2023,"CheckOutTime2023-09-18 20:14:25	"
37,"CheckInTime2023-09-19 11:47:23	",9/19/2023,"CheckOutTime2023-09-19 20:29:35	"
37,"CheckInTime2023-09-20 12:00:55	",9/20/2023,"CheckOutTime2023-09-20 20:33:07	"
37,"CheckInTime2023-09-21 12:01:34	",9/21/2023,"CheckOutTime2023-09-21 20:09:41	"
37,"CheckInTime2023-09-22 12:02:17	",9/22/2023,"CheckOutTime2023-09-22 20:21:20	"
37,"CheckInTime2023-09-25 12:32:57	",9/25/2023,"CheckOutTime2023-09-25 20:05:58	"
37,"CheckInTime2023-09-26 11:54:42	",9/26/2023,"CheckOutTime2023-09-26 20:25:19	"
37,"CheckInTime2023-09-27 11:55:16	",9/27/2023,"CheckOutTime2023-09-27 20:20:12	"
37,"CheckInTime2023-09-28 12:08:21	",9/28/2023,"CheckOutTime2023-09-28 20:12:32	"
38,"CheckInTime2023-09-01 11:48:14	",9/1/2023,"CheckOutTime2023-09-01 21:10:58	"
38,"CheckInTime2023-09-02 11:37:29	",9/2/2023,"CheckOutTime2023-09-02 19:50:22	"
38,"CheckInTime2023-09-04 11:50:07	",9/4/2023,"CheckOutTime2023-09-04 22:45:13	"
38,"CheckInTime2023-09-05 11:46:31	",9/5/2023,"CheckOutTime2023-09-05 22:05:13	"
38,"CheckInTime2023-09-06 12:46:46	",9/6/2023,"CheckOutTime2023-09-06 21:26:15	"
38,"CheckInTime2023-09-09 11:51:21	",9/9/2023,"CheckOutTime2023-09-09 21:00:49	"
38,"CheckInTime2023-09-11 11:44:45	",9/11/2023,"CheckOutTime2023-09-11 21:25:25	"
38,"CheckInTime2023-09-12 11:46:33	",9/12/2023,"CheckOutTime2023-09-12 21:40:49	"
38,"CheckInTime2023-09-13 11:45:58	",9/13/2023,"CheckOutTime2023-09-13 21:36:30	"
38,"CheckInTime2023-09-14 11:47:39	",9/14/2023,"CheckOutTime2023-09-14 21:10:14	"
38,"CheckInTime2023-09-15 11:38:13	",9/15/2023,"CheckOutTime2023-09-15 21:14:59	"
38,"CheckInTime2023-09-16 11:44:10	",9/16/2023,"CheckOutTime2023-09-16 20:30:35	"
38,"CheckInTime2023-09-18 11:50:20	",9/18/2023,"CheckOutTime2023-09-18 21:11:59	"
38,"CheckInTime2023-09-19 11:49:34	",9/19/2023,"CheckOutTime2023-09-19 21:16:05	"
38,"CheckInTime2023-09-20 11:59:49	",9/20/2023,"CheckOutTime2023-09-20 21:13:34	"
38,"CheckInTime2023-09-21 13:49:30	",9/21/2023,"CheckOutTime2023-09-21 21:18:46	"
38,"CheckInTime2023-09-22 11:46:07	",9/22/2023,"CheckOutTime2023-09-22 21:25:00	"
38,"CheckInTime2023-09-23 11:34:35	",9/23/2023,"CheckOutTime2023-09-23 20:50:45	"
38,"CheckInTime2023-09-25 11:33:24	",9/25/2023,"CheckOutTime2023-09-25 20:52:26	"
38,"CheckInTime2023-09-26 11:34:09	",9/26/2023,"CheckOutTime2023-09-26 21:24:16	"
38,"CheckInTime2023-09-27 11:34:44	",9/27/2023,"CheckOutTime2023-09-27 20:59:33	"
38,"CheckInTime2023-09-28 11:36:25	",9/28/2023,"CheckOutTime2023-09-28 21:40:28	"
38,"CheckInTime2023-09-30 13:34:53	",9/30/2023,"CheckOutTime2023-09-30 20:59:27	"
39,"CheckInTime2023-09-01 11:26:19	",9/1/2023,"CheckOutTime2023-09-01 21:04:10	"
39,"CheckInTime2023-09-02 11:05:54	",9/2/2023,"CheckOutTime2023-09-02 19:56:11	"
39,"CheckInTime2023-09-04 11:17:56	",9/4/2023,"CheckOutTime2023-09-04 17:53:28	"
39,"CheckInTime2023-09-05 11:20:45	",9/5/2023,"CheckOutTime2023-09-05 22:03:56	"
39,"CheckInTime2023-09-06 11:14:33	",9/6/2023,"CheckOutTime2023-09-06 21:26:23	"
39,"CheckInTime2023-09-08 11:19:22	",9/8/2023,"CheckOutTime2023-09-08 21:33:13	"
39,"CheckInTime2023-09-09 11:29:23	",9/9/2023,"CheckOutTime2023-09-09 21:01:04	"
39,"CheckInTime2023-09-11 11:25:09	",9/11/2023,"CheckOutTime2023-09-11 21:25:42	"
39,"CheckInTime2023-09-12 11:25:14	",9/12/2023,"CheckOutTime2023-09-12 21:41:11	"
39,"CheckInTime2023-09-13 11:11:41	",9/13/2023,"CheckOutTime2023-09-13 21:35:34	"
39,"CheckInTime2023-09-14 10:56:31	",9/14/2023,"CheckOutTime2023-09-14 21:10:07	"
39,"CheckInTime2023-09-15 11:13:37	",9/15/2023,"CheckOutTime2023-09-15 18:21:00	"
39,"CheckInTime2023-09-16 11:40:18	",9/16/2023,"CheckOutTime2023-09-16 20:32:12	"
39,"CheckInTime2023-09-18 10:24:13	",9/18/2023,"CheckOutTime2023-09-18 21:12:08	"
39,"CheckInTime2023-09-19 11:23:11	",9/19/2023,"CheckOutTime2023-09-19 21:13:03	"
39,"CheckInTime2023-09-20 11:32:49	",9/20/2023,"CheckOutTime2023-09-20 16:41:44	"
39,"CheckInTime2023-09-21 11:27:13	",9/21/2023,"CheckOutTime2023-09-21 21:18:56	"
39,"CheckInTime2023-09-22 11:01:53	",9/22/2023,"CheckOutTime2023-09-22 21:25:09	"
39,"CheckInTime2023-09-23 11:16:59	",9/23/2023,"CheckOutTime2023-09-23 20:25:36	"
39,"CheckInTime2023-09-25 11:12:16	",9/25/2023,"CheckOutTime2023-09-25 16:57:37	"
39,"CheckInTime2023-09-26 11:03:38	",9/26/2023,"CheckOutTime2023-09-26 21:24:24	"
39,"CheckInTime2023-09-27 11:19:09	",9/27/2023,"CheckOutTime2023-09-27 19:05:14	"
39,"CheckInTime2023-09-28 13:04:15	",9/28/2023,"CheckOutTime2023-09-28 21:22:47	"
39,"CheckInTime2023-09-30 11:25:09	",9/30/2023,"CheckOutTime2023-09-30 20:59:35	"
40,"CheckInTime2023-09-02 11:28:31	",9/1/2023,"CheckOutTime2023-09-01 20:25:29	"
40,"CheckInTime2023-09-02 11:28:31	",9/2/2023,"CheckOutTime2023-09-02 20:52:01	"
40,"CheckInTime2023-09-04 11:23:39	",9/4/2023,"CheckOutTime2023-09-04 20:30:33	"
40,"CheckInTime2023-09-05 11:39:37	",9/5/2023,"CheckOutTime2023-09-05 20:31:28	"
40,"CheckInTime2023-09-06 11:40:22	",9/6/2023,"CheckOutTime2023-09-06 20:32:53	"
40,"CheckInTime2023-09-08 11:27:36	",9/8/2023,"CheckOutTime2023-09-08 20:31:10	"
40,"CheckInTime2023-09-11 11:28:23	",9/11/2023,"CheckOutTime2023-09-11 20:30:19	"
40,"CheckInTime2023-09-12 11:33:01	",9/12/2023,"CheckOutTime2023-09-12 20:34:46	"
40,"CheckInTime2023-09-13 11:53:04	",9/13/2023,"CheckOutTime	"
40,"CheckInTime2023-09-14 11:00:13	",9/14/2023,"CheckOutTime2023-09-14 20:25:37	"
40,"CheckInTime2023-09-15 11:37:08	",9/15/2023,"CheckOutTime2023-09-15 20:38:16	"
40,"CheckInTime2023-09-16 11:31:51	",9/16/2023,"CheckOutTime2023-09-16 18:32:28	"
40,"CheckInTime2023-09-18 11:26:36	",9/18/2023,"CheckOutTime2023-09-18 20:23:32	"
40,"CheckInTime2023-09-19 12:02:10	",9/19/2023,"CheckOutTime2023-09-19 20:29:24	"
40,"CheckInTime2023-09-20 11:35:28	",9/20/2023,"CheckOutTime2023-09-20 20:28:41	"
40,"CheckInTime2023-09-21 11:41:33	",9/21/2023,"CheckOutTime2023-09-21 20:33:36	"
40,"CheckInTime2023-09-22 11:30:39	",9/22/2023,"CheckOutTime2023-09-22 20:37:40	"
40,"CheckInTime2023-09-23 13:07:38	",9/23/2023,"CheckOutTime2023-09-23 20:03:49	"
40,"CheckInTime2023-09-26 13:04:48	",9/26/2023,"CheckOutTime2023-09-26 20:26:26	"
40,"CheckInTime2023-09-27 11:28:41	",9/27/2023,"CheckOutTime2023-09-27 20:39:42	"
41,"CheckInTime2023-09-04 11:33:52	",9/4/2023,"CheckOutTime2023-09-04 20:33:51	"
41,"CheckInTime2023-09-05 14:22:00	",9/5/2023,"CheckOutTime2023-09-05 20:40:00	"
41,"CheckInTime2023-09-06 11:51:54	",9/6/2023,"CheckOutTime2023-09-06 20:26:54	"
41,"CheckInTime2023-09-08 11:30:16	",9/8/2023,"CheckOutTime2023-09-08 20:26:05	"
41,"CheckInTime2023-09-09 12:15:42	",9/9/2023,"CheckOutTime2023-09-09 20:20:12	"
41,"CheckInTime2023-09-11 13:45:07	",9/11/2023,"CheckOutTime2023-09-11 20:46:06	"
41,"CheckInTime2023-09-12 11:41:40	",9/12/2023,"CheckOutTime2023-09-12 20:32:35	"
41,"CheckInTime2023-09-13 11:47:03	",9/13/2023,"CheckOutTime2023-09-13 20:31:49	"
41,"CheckInTime2023-09-14 12:28:20	",9/14/2023,"CheckOutTime2023-09-14 20:31:57	"
41,"CheckInTime2023-09-15 11:30:07	",9/15/2023,"CheckOutTime2023-09-15 20:32:45	"
41,"CheckInTime2023-09-16 11:32:37	",9/16/2023,"CheckOutTime2023-09-16 18:22:14	"
41,"CheckInTime2023-09-18 12:33:20	",9/18/2023,"CheckOutTime2023-09-18 20:30:59	"
41,"CheckInTime2023-09-19 13:20:21	",9/19/2023,"CheckOutTime2023-09-19 20:47:35	"
41,"CheckInTime2023-09-20 13:04:02	",9/20/2023,"CheckOutTime2023-09-20 20:37:02	"
41,"CheckInTime2023-09-21 13:21:53	",9/21/2023,"CheckOutTime2023-09-21 20:30:55	"
41,"CheckInTime2023-09-22 11:33:01	",9/22/2023,"CheckOutTime2023-09-22 20:33:54	"
41,"CheckInTime2023-09-23 13:10:31	",9/23/2023,"CheckOutTime2023-09-23 20:03:51	"
41,"CheckInTime2023-09-26 12:43:18	",9/25/2023,"CheckOutTime2023-09-26 20:28:22	"
41,"CheckInTime2023-09-27 13:12:13	",9/27/2023,"CheckOutTime2023-09-27 20:25:55	"
41,"CheckInTime2023-09-28 12:01:11	",9/28/2023,"CheckOutTime	"
42,"CheckInTime2023-09-01 14:35:53	",9/1/2023,"CheckOutTime2023-09-01 18:24:25	"
42,"CheckInTime2023-09-04 12:15:34	",9/2/2023,"CheckOutTime2023-09-04 20:45:22	"
42,"CheckInTime2023-09-05 11:53:59	",9/5/2023,"CheckOutTime2023-09-05 20:36:57	"
42,"CheckInTime2023-09-06 11:46:22	",9/6/2023,"CheckOutTime2023-09-06 20:30:31	"
42,"CheckInTime2023-09-08 12:08:54	",9/8/2023,"CheckOutTime2023-09-08 20:34:23	"
42,"CheckInTime2023-09-09 11:43:28	",9/9/2023,"CheckOutTime2023-09-09 20:20:02	"
42,"CheckInTime2023-09-11 11:53:28	",9/11/2023,"CheckOutTime2023-09-11 20:43:55	"
42,"CheckInTime2023-09-12 13:08:35	",9/12/2023,"CheckOutTime2023-09-12 20:35:22	"
42,"CheckInTime2023-09-13 11:53:35	",9/13/2023,"CheckOutTime2023-09-13 20:46:24	"
42,"CheckInTime2023-09-14 13:22:34	",9/14/2023,"CheckOutTime2023-09-14 20:42:20	"
42,"CheckInTime2023-09-15 12:17:14	",9/15/2023,"CheckOutTime2023-09-15 20:32:04	"
42,"CheckInTime2023-09-16 11:55:18	",9/16/2023,"CheckOutTime	"
42,"CheckInTime2023-09-18 11:55:11	",9/18/2023,"CheckOutTime2023-09-18 20:25:08	"
42,"CheckInTime2023-09-19 11:52:54	",9/19/2023,"CheckOutTime2023-09-20 11:56:50	"
42,"CheckInTime2023-09-20 11:56:54	",9/20/2023,"CheckOutTime2023-09-20 20:38:02	"
42,"CheckInTime2023-09-21 12:00:15	",9/21/2023,"CheckOutTime2023-09-21 20:30:15	"
42,"CheckInTime2023-09-22 14:58:30	",9/22/2023,"CheckOutTime2023-09-22 20:40:20	"
42,"CheckInTime2023-09-23 11:53:10	",9/23/2023,"CheckOutTime2023-09-23 20:16:08	"
42,"CheckInTime2023-09-25 11:58:11	",9/25/2023,"CheckOutTime2023-09-25 20:26:57	"
42,"CheckInTime2023-09-26 12:56:52	",9/26/2023,"CheckOutTime2023-09-26 20:48:00	"
42,"CheckInTime2023-09-27 11:31:00	",9/27/2023,"CheckOutTime2023-09-27 21:39:55	"
42,"CheckInTime2023-09-28 11:20:09	",9/28/2023,"CheckOutTime2023-09-28 20:34:57	"
42,"CheckInTime2023-09-30 11:38:48	",9/30/2023,"CheckOutTime2023-09-30 20:37:40	"
43,"CheckInTime2023-09-01 12:45:22	",9/1/2023,"CheckOutTime2023-09-01 20:40:49	"
43,"CheckInTime2023-09-04 12:32:46	",9/4/2023,"CheckOutTime2023-09-04 20:57:56	"
43,"CheckInTime2023-09-05 11:48:46	",9/5/2023,"CheckOutTime2023-09-05 19:39:54	"
43,"CheckInTime2023-09-06 11:56:40	",9/6/2023,"CheckOutTime2023-09-06 19:43:06	"
43,"CheckInTime2023-09-08 12:08:46	",9/8/2023,"CheckOutTime2023-09-08 19:06:28	"
43,"CheckInTime2023-09-09 12:21:25	",9/9/2023,"CheckOutTime2023-09-09 19:05:27	"
43,"CheckInTime2023-09-12 11:43:08	",9/11/2023,"CheckOutTime2023-09-12 19:10:37	"
43,"CheckInTime2023-09-13 11:49:07	",9/13/2023,"CheckOutTime2023-09-13 19:28:58	"
43,"CheckInTime2023-09-14 11:52:47	",9/14/2023,"CheckOutTime2023-09-14 19:53:29	"
43,"CheckInTime2023-09-15 12:07:47	",9/15/2023,"CheckOutTime2023-09-15 19:39:01	"
43,"CheckInTime2023-09-16 12:04:06	",9/16/2023,"CheckOutTime2023-09-16 19:10:21	"
43,"CheckInTime2023-09-18 11:55:23	",9/18/2023,"CheckOutTime2023-09-18 19:14:37	"
43,"CheckInTime2023-09-19 11:54:13	",9/19/2023,"CheckOutTime2023-09-19 21:05:51	"
43,"CheckInTime2023-09-20 12:01:01	",9/20/2023,"CheckOutTime2023-09-20 19:56:27	"
43,"CheckInTime2023-09-21 11:26:56	",9/21/2023,"CheckOutTime2023-09-21 19:33:32	"
43,"CheckInTime2023-09-22 11:53:04	",9/22/2023,"CheckOutTime	"
43,"CheckInTime2023-09-23 12:04:06	",9/23/2023,"CheckOutTime2023-09-23 19:05:03	"
43,"CheckInTime2023-09-25 11:42:55	",9/25/2023,"CheckOutTime2023-09-25 17:05:33	"
43,"CheckInTime2023-09-27 11:58:41	",9/26/2023,"CheckOutTime2023-09-27 19:00:05	"
43,"CheckInTime2023-09-28 11:43:08	",9/28/2023,"CheckOutTime2023-09-28 21:07:13	"
43,"CheckInTime2023-09-30 12:01:30	",9/30/2023,"CheckOutTime2023-09-30 20:21:25	"
45,"CheckInTime2023-09-01 14:31:14	",9/1/2023,"CheckOutTime2023-09-01 23:40:08	"
45,"CheckInTime2023-09-02 13:44:51	",9/2/2023,"CheckOutTime2023-09-02 20:10:26	"
45,"CheckInTime2023-09-04 14:44:08	",9/4/2023,"CheckOutTime2023-09-05 00:06:13	"
45,"CheckInTime2023-09-05 14:03:11	",9/5/2023,"CheckOutTime2023-09-06 00:52:04	"
45,"CheckInTime2023-09-06 13:25:36	",9/6/2023,"CheckOutTime2023-09-06 23:20:30	"
45,"CheckInTime2023-09-08 12:48:02	",9/8/2023,"CheckOutTime2023-09-08 23:56:32	"
45,"CheckInTime2023-09-09 13:56:00	",9/9/2023,"CheckOutTime	"
45,"CheckInTime2023-09-11 14:53:59	",9/11/2023,"CheckOutTime2023-09-12 00:09:25	"
45,"CheckInTime2023-09-12 13:41:59	",9/12/2023,"CheckOutTime2023-09-13 00:19:54	"
45,"CheckInTime2023-09-13 14:08:54	",9/13/2023,"CheckOutTime2023-09-14 00:02:41	"
45,"CheckInTime2023-09-15 15:46:03	",9/14/2023,"CheckOutTime2023-09-16 00:02:01	"
45,"CheckInTime	",9/16/2023,"CheckOutTime2023-09-16 20:53:34	"
45,"CheckInTime2023-09-18 14:08:59	",9/18/2023,"CheckOutTime2023-09-19 00:11:22	"
45,"CheckInTime2023-09-19 13:24:53	",9/19/2023,"CheckOutTime2023-09-19 23:07:39	"
45,"CheckInTime2023-09-20 14:02:49	",9/20/2023,"CheckOutTime2023-09-20 22:08:23	"
45,"CheckInTime2023-09-21 13:20:16	",9/21/2023,"CheckOutTime2023-09-21 23:35:49	"
45,"CheckInTime2023-09-22 13:50:15	",9/22/2023,"CheckOutTime2023-09-23 00:10:20	"
45,"CheckInTime2023-09-23 13:39:30	",9/23/2023,"CheckOutTime2023-09-23 20:57:19	"
45,"CheckInTime2023-09-25 15:23:19	",9/25/2023,"CheckOutTime2023-09-26 00:02:54	"
45,"CheckInTime2023-09-26 13:26:17	",9/26/2023,"CheckOutTime2023-09-26 23:55:14	"
45,"CheckInTime2023-09-27 14:12:20	",9/27/2023,"CheckOutTime2023-09-28 00:13:00	"
45,"CheckInTime2023-09-28 14:00:06	",9/28/2023,"CheckOutTime2023-09-28 21:55:52	"
45,"CheckInTime2023-09-30 13:55:19	",9/30/2023,"CheckOutTime2023-09-30 21:06:34	"
46,"CheckInTime2023-09-01 12:36:49	",9/1/2023,"CheckOutTime2023-09-01 21:07:33	"
46,"CheckInTime2023-09-02 12:10:55	",9/2/2023,"CheckOutTime2023-09-02 22:08:36	"
46,"CheckInTime2023-09-04 12:01:57	",9/4/2023,"CheckOutTime2023-09-04 22:54:52	"
46,"CheckInTime2023-09-05 12:45:57	",9/5/2023,"CheckOutTime	"
46,"CheckInTime2023-09-06 12:11:53	",9/6/2023,"CheckOutTime2023-09-06 22:37:34	"
46,"CheckInTime2023-09-08 11:35:26	",9/8/2023,"CheckOutTime2023-09-08 21:41:33	"
46,"CheckInTime2023-09-09 11:53:04	",9/9/2023,"CheckOutTime2023-09-09 21:51:45	"
46,"CheckInTime2023-09-11 11:40:04	",9/11/2023,"CheckOutTime2023-09-11 23:44:56	"
46,"CheckInTime2023-09-12 12:05:20	",9/12/2023,"CheckOutTime2023-09-12 23:23:39	"
46,"CheckInTime2023-09-13 12:08:39	",9/13/2023,"CheckOutTime2023-09-13 21:30:01	"
46,"CheckInTime2023-09-14 12:01:53	",9/14/2023,"CheckOutTime2023-09-14 21:57:34	"
46,"CheckInTime2023-09-15 12:07:58	",9/15/2023,"CheckOutTime2023-09-15 22:23:04	"
46,"CheckInTime2023-09-16 11:39:39	",9/16/2023,"CheckOutTime2023-09-16 21:41:14	"
46,"CheckInTime2023-09-18 11:55:32	",9/18/2023,"CheckOutTime2023-09-18 23:41:42	"
46,"CheckInTime2023-09-19 12:07:47	",9/19/2023,"CheckOutTime2023-09-19 21:41:07	"
46,"CheckInTime2023-09-20 12:01:06	",9/20/2023,"CheckOutTime2023-09-20 22:40:26	"
46,"CheckInTime2023-09-21 12:11:00	",9/21/2023,"CheckOutTime2023-09-21 22:21:00	"
46,"CheckInTime2023-09-22 12:03:24	",9/22/2023,"CheckOutTime2023-09-22 22:51:55	"
46,"CheckInTime2023-09-23 11:50:27	",9/23/2023,"CheckOutTime2023-09-23 21:49:59	"
46,"CheckInTime2023-09-25 11:50:39	",9/25/2023,"CheckOutTime2023-09-25 21:27:21	"
46,"CheckInTime2023-09-26 12:16:47	",9/26/2023,"CheckOutTime2023-09-26 21:43:41	"
46,"CheckInTime2023-09-27 12:46:20	",9/27/2023,"CheckOutTime2023-09-27 22:36:01	"
46,"CheckInTime2023-09-28 11:57:43	",9/28/2023,"CheckOutTime2023-09-28 22:21:25	"
46,"CheckInTime2023-09-30 11:38:42	",9/30/2023,"CheckOutTime2023-09-30 21:32:46	"
47,"CheckInTime2023-09-01 11:46:55	",9/1/2023,"CheckOutTime	"
47,"CheckInTime2023-09-02 11:59:02	",9/2/2023,"CheckOutTime2023-09-02 20:02:56	"
47,"CheckInTime2023-09-04 11:49:54	",9/4/2023,"CheckOutTime2023-09-04 20:11:55	"
47,"CheckInTime2023-09-05 11:57:02	",9/5/2023,"CheckOutTime2023-09-05 20:16:02	"
47,"CheckInTime2023-09-06 11:53:18	",9/6/2023,"CheckOutTime2023-09-06 20:44:14	"
47,"CheckInTime2023-09-08 12:02:32	",9/8/2023,"CheckOutTime2023-09-08 20:03:39	"
47,"CheckInTime2023-09-09 13:50:12	",9/9/2023,"CheckOutTime2023-09-09 21:10:35	"
47,"CheckInTime2023-09-11 12:15:56	",9/11/2023,"CheckOutTime2023-09-11 20:02:21	"
47,"CheckInTime2023-09-12 11:50:27	",9/12/2023,"CheckOutTime2023-09-12 20:05:42	"
47,"CheckInTime2023-09-13 11:52:08	",9/13/2023,"CheckOutTime2023-09-13 19:00:56	"
47,"CheckInTime2023-09-15 11:48:21	",9/15/2023,"CheckOutTime2023-09-15 20:02:24	"
47,"CheckInTime2023-09-16 11:44:14	",9/16/2023,"CheckOutTime2023-09-16 20:01:59	"
47,"CheckInTime2023-09-18 11:34:20	",9/18/2023,"CheckOutTime2023-09-18 20:35:22	"
47,"CheckInTime2023-09-19 11:53:00	",9/19/2023,"CheckOutTime2023-09-19 20:06:33	"
47,"CheckInTime2023-09-20 12:02:02	",9/20/2023,"CheckOutTime2023-09-20 20:01:35	"
47,"CheckInTime2023-09-21 12:06:51	",9/21/2023,"CheckOutTime2023-09-21 20:03:58	"
47,"CheckInTime2023-09-22 11:56:25	",9/22/2023,"CheckOutTime2023-09-22 21:05:27	"
47,"CheckInTime2023-09-23 11:48:41	",9/23/2023,"CheckOutTime2023-09-23 20:00:48	"
47,"CheckInTime2023-09-25 11:13:41	",9/25/2023,"CheckOutTime2023-09-25 21:05:53	"
47,"CheckInTime2023-09-26 11:30:28	",9/26/2023,"CheckOutTime2023-09-26 20:00:54	"
47,"CheckInTime2023-09-27 11:17:00	",9/27/2023,"CheckOutTime2023-09-27 20:24:47	"
47,"CheckInTime2023-09-28 11:20:40	",9/28/2023,"CheckOutTime2023-09-28 19:58:48	"
47,"CheckInTime2023-09-30 11:24:42	",9/30/2023,"CheckOutTime2023-09-30 20:01:36	"
51,"CheckInTime2023-09-01 01:39:55	",9/1/2023,"CheckOutTime2023-09-01 21:19:51	"
51,"CheckInTime2023-09-02 11:09:44	",9/2/2023,"CheckOutTime2023-09-02 21:41:28	"
51,"CheckInTime2023-09-04 11:39:05	",9/4/2023,"CheckOutTime2023-09-04 23:06:57	"
51,"CheckInTime2023-09-05 12:02:01	",9/5/2023,"CheckOutTime2023-09-05 22:12:00	"
51,"CheckInTime2023-09-06 11:50:54	",9/6/2023,"CheckOutTime	"
51,"CheckInTime2023-09-08 11:30:34	",9/8/2023,"CheckOutTime2023-09-08 21:20:15	"
51,"CheckInTime2023-09-09 11:33:32	",9/9/2023,"CheckOutTime2023-09-09 21:44:31	"
51,"CheckInTime2023-09-11 11:34:59	",9/11/2023,"CheckOutTime2023-09-11 23:49:01	"
51,"CheckInTime2023-09-12 11:43:46	",9/12/2023,"CheckOutTime2023-09-12 23:07:12	"
51,"CheckInTime2023-09-13 11:59:02	",9/13/2023,"CheckOutTime2023-09-14 11:52:12	"
51,"CheckInTime2023-09-14 11:52:15	",9/14/2023,"CheckOutTime2023-09-14 21:58:39	"
51,"CheckInTime2023-09-15 11:21:15	",9/15/2023,"CheckOutTime	"
51,"CheckInTime2023-09-16 11:17:47	",9/16/2023,"CheckOutTime2023-09-16 21:40:44	"
51,"CheckInTime2023-09-18 11:20:24	",9/18/2023,"CheckOutTime2023-09-18 23:48:34	"
51,"CheckInTime2023-09-19 11:52:35	",9/19/2023,"CheckOutTime2023-09-20 11:28:39	"
51,"CheckInTime2023-09-20 11:28:44	",9/20/2023,"CheckOutTime2023-09-20 22:25:49	"
51,"CheckInTime2023-09-21 11:33:01	",9/21/2023,"CheckOutTime	"
51,"CheckInTime2023-09-22 11:24:19	",9/22/2023,"CheckOutTime2023-09-22 22:52:01	"
51,"CheckInTime2023-09-23 13:26:10	",9/23/2023,"CheckOutTime2023-09-23 21:53:22	"
61,"CheckInTime2023-09-02 11:35:10	",9/2/2023,"CheckOutTime	"
61,"CheckInTime2023-09-04 11:17:07	",9/4/2023,"CheckOutTime2023-09-04 20:51:41	"
61,"CheckInTime2023-09-05 11:23:55	",9/5/2023,"CheckOutTime2023-09-05 20:52:12	"
61,"CheckInTime2023-09-06 11:29:00	",9/6/2023,"CheckOutTime	"
61,"CheckInTime2023-09-08 11:38:44	",9/8/2023,"CheckOutTime2023-09-09 11:22:02	"
61,"CheckInTime2023-09-11 11:28:51	",9/9/2023,"CheckOutTime2023-09-11 20:55:21	"
61,"CheckInTime2023-09-12 11:22:33	",9/12/2023,"CheckOutTime2023-09-12 20:50:26	"
61,"CheckInTime2023-09-13 11:20:58	",9/13/2023,"CheckOutTime	"
61,"CheckInTime2023-09-14 11:16:07	",9/14/2023,"CheckOutTime	"
61,"CheckInTime2023-09-15 11:24:52	",9/15/2023,"CheckOutTime	"
61,"CheckInTime2023-09-16 11:32:16	",9/16/2023,"CheckOutTime2023-09-16 20:47:30	"
61,"CheckInTime2023-09-18 11:15:42	",9/18/2023,"CheckOutTime2023-09-18 20:49:34	"
61,"CheckInTime2023-09-19 11:28:56	",9/19/2023,"CheckOutTime2023-09-19 20:53:13	"
61,"CheckInTime2023-09-20 11:38:06	",9/20/2023,"CheckOutTime	"
61,"CheckInTime2023-09-21 11:29:03	",9/21/2023,"CheckOutTime2023-09-21 20:42:06	"
61,"CheckInTime2023-09-22 11:31:25	",9/22/2023,"CheckOutTime	"
61,"CheckInTime2023-09-23 11:30:39	",9/23/2023,"CheckOutTime2023-09-23 20:30:02	"
61,"CheckInTime2023-09-25 11:21:06	",9/25/2023,"CheckOutTime2023-09-25 20:40:41	"
61,"CheckInTime2023-09-26 11:22:21	",9/26/2023,"CheckOutTime2023-09-26 20:42:35	"
61,"CheckInTime2023-09-27 11:25:39	",9/27/2023,"CheckOutTime2023-09-27 20:42:24	"
61,"CheckInTime2023-09-28 11:31:36	",9/28/2023,"CheckOutTime	"
61,"CheckInTime2023-09-30 11:31:28	",9/30/2023,"CheckOutTime	"
63,"CheckInTime2023-09-01 13:49:39	",9/1/2023,"CheckOutTime2023-09-01 21:09:10	"
63,"CheckInTime2023-09-02 11:42:17	",9/2/2023,"CheckOutTime2023-09-02 22:07:40	"
63,"CheckInTime2023-09-04 11:46:45	",9/4/2023,"CheckOutTime2023-09-04 23:07:05	"
63,"CheckInTime2023-09-05 11:50:40	",9/5/2023,"CheckOutTime2023-09-05 22:10:26	"
63,"CheckInTime2023-09-06 11:35:28	",9/6/2023,"CheckOutTime2023-09-06 22:36:56	"
63,"CheckInTime2023-09-08 12:00:44	",9/8/2023,"CheckOutTime2023-09-08 21:20:18	"
63,"CheckInTime2023-09-11 11:42:03	",9/9/2023,"CheckOutTime2023-09-11 23:49:04	"
63,"CheckInTime2023-09-12 11:41:46	",9/12/2023,"CheckOutTime2023-09-12 23:24:15	"
63,"CheckInTime2023-09-13 11:50:23	",9/13/2023,"CheckOutTime2023-09-13 21:31:37	"
63,"CheckInTime2023-09-14 11:42:26	",9/14/2023,"CheckOutTime2023-09-15 11:55:56	"
63,"CheckInTime2023-09-16 11:36:55	",9/15/2023,"CheckOutTime2023-09-15 22:23:16	"
63,"CheckInTime2023-09-16 11:36:55	",9/16/2023,"CheckOutTime2023-09-16 21:40:35	"
63,"CheckInTime2023-09-18 11:43:42	",9/18/2023,"CheckOutTime2023-09-18 23:45:23	"
63,"CheckInTime2023-09-19 12:04:19	",9/19/2023,"CheckOutTime2023-09-19 21:48:04	"
63,"CheckInTime2023-09-20 11:45:06	",9/20/2023,"CheckOutTime2023-09-20 22:26:09	"
63,"CheckInTime2023-09-21 11:32:18	",9/21/2023,"CheckOutTime2023-09-21 22:09:16	"
63,"CheckInTime2023-09-22 11:52:46	",9/22/2023,"CheckOutTime2023-09-22 22:52:07	"
63,"CheckInTime2023-09-23 11:46:24	",9/23/2023,"CheckOutTime2023-09-23 19:46:16	"
63,"CheckInTime2023-09-25 11:40:44	",9/25/2023,"CheckOutTime2023-09-26 11:27:16	"
63,"CheckInTime2023-09-27 11:05:37	",9/26/2023,"CheckOutTime2023-09-26 21:45:21	"
63,"CheckInTime2023-09-27 11:05:37	",9/27/2023,"CheckOutTime2023-09-27 22:37:04	"
63,"CheckInTime2023-09-28 11:01:35	",9/28/2023,"CheckOutTime2023-09-28 22:21:35	"
63,"CheckInTime2023-09-30 11:02:42	",9/30/2023,"CheckOutTime2023-09-30 21:33:22	"
70,"CheckInTime2023-09-01 12:11:46	",9/1/2023,"CheckOutTime2023-09-01 21:20:13	"
70,"CheckInTime	",9/2/2023,"CheckOutTime2023-09-02 19:50:36	"
70,"CheckInTime2023-09-04 12:03:44	",9/4/2023,"CheckOutTime2023-09-04 21:26:52	"
70,"CheckInTime2023-09-05 11:34:54	",9/5/2023,"CheckOutTime2023-09-05 21:58:50	"
70,"CheckInTime2023-09-06 11:44:52	",9/6/2023,"CheckOutTime2023-09-06 21:28:48	"
70,"CheckInTime2023-09-08 12:04:03	",9/8/2023,"CheckOutTime2023-09-08 21:20:41	"
70,"CheckInTime2023-09-09 11:58:57	",9/9/2023,"CheckOutTime2023-09-09 21:14:00	"
70,"CheckInTime2023-09-11 12:14:10	",9/11/2023,"CheckOutTime2023-09-11 21:25:17	"
70,"CheckInTime2023-09-12 12:03:37	",9/12/2023,"CheckOutTime2023-09-12 20:50:04	"
70,"CheckInTime2023-09-13 11:54:08	",9/13/2023,"CheckOutTime2023-09-13 21:22:14	"
70,"CheckInTime2023-09-14 12:01:37	",9/14/2023,"CheckOutTime2023-09-14 21:16:28	"
70,"CheckInTime2023-09-15 12:15:22	",9/15/2023,"CheckOutTime2023-09-15 21:12:49	"
70,"CheckInTime2023-09-16 12:04:49	",9/16/2023,"CheckOutTime2023-09-16 20:47:09	"
70,"CheckInTime2023-09-18 12:20:45	",9/18/2023,"CheckOutTime2023-09-18 21:12:16	"
70,"CheckInTime2023-09-19 11:58:27	",9/19/2023,"CheckOutTime2023-09-19 21:18:05	"
70,"CheckInTime2023-09-20 12:08:06	",9/20/2023,"CheckOutTime2023-09-20 21:11:48	"
70,"CheckInTime2023-09-21 11:49:52	",9/21/2023,"CheckOutTime2023-09-21 21:51:23	"
70,"CheckInTime2023-09-22 11:00:09	",9/22/2023,"CheckOutTime2023-09-22 21:26:05	"
70,"CheckInTime2023-09-23 11:55:50	",9/23/2023,"CheckOutTime2023-09-23 20:50:14	"
70,"CheckInTime2023-09-25 11:59:07	",9/25/2023,"CheckOutTime2023-09-25 21:14:04	"
70,"CheckInTime2023-09-26 11:52:51	",9/26/2023,"CheckOutTime2023-09-26 21:30:28	"
70,"CheckInTime2023-09-27 12:04:29	",9/27/2023,"CheckOutTime2023-09-27 21:02:21	"
70,"CheckInTime2023-09-28 11:51:56	",9/28/2023,"CheckOutTime2023-09-28 21:44:44	"
70,"CheckInTime2023-09-30 11:55:00	",9/30/2023,"CheckOutTime2023-09-30 21:04:27	"
71,"CheckInTime2023-09-01 11:35:00	",9/1/2023,"CheckOutTime2023-09-02 11:42:16	"
71,"CheckInTime2023-09-02 11:42:07	",9/2/2023,"CheckOutTime2023-09-02 11:42:16	"
71,"CheckInTime2023-09-04 11:46:19	",9/4/2023,"CheckOutTime2023-09-04 20:43:30	"
71,"CheckInTime2023-09-08 11:39:51	",9/8/2023,"CheckOutTime2023-09-08 20:32:21	"
71,"CheckInTime2023-09-09 11:41:05	",9/9/2023,"CheckOutTime	"
71,"CheckInTime2023-09-11 11:44:55	",9/11/2023,"CheckOutTime2023-09-11 20:41:22	"
71,"CheckInTime2023-09-12 11:42:28	",9/12/2023,"CheckOutTime	"
71,"CheckInTime2023-09-13 11:44:59	",9/13/2023,"CheckOutTime2023-09-13 20:28:22	"
71,"CheckInTime2023-09-14 11:45:13	",9/14/2023,"CheckOutTime	"
71,"CheckInTime2023-09-15 11:45:48	",9/15/2023,"CheckOutTime2023-09-15 20:23:07	"
71,"CheckInTime2023-09-16 11:42:52	",9/16/2023,"CheckOutTime	"
71,"CheckInTime2023-09-18 11:43:11	",9/18/2023,"CheckOutTime	"
71,"CheckInTime2023-09-20 11:48:00	",9/20/2023,"CheckOutTime2023-09-20 20:28:28	"
71,"CheckInTime2023-09-21 11:42:46	",9/21/2023,"CheckOutTime	"
71,"CheckInTime2023-09-22 11:42:50	",9/22/2023,"CheckOutTime2023-09-22 20:28:38	"
71,"CheckInTime2023-09-23 11:45:34	",9/23/2023,"CheckOutTime	"
71,"CheckInTime2023-09-25 11:44:42	",9/25/2023,"CheckOutTime	"
71,"CheckInTime2023-09-26 11:45:04	",9/26/2023,"CheckOutTime	"
71,"CheckInTime2023-09-27 11:47:19	",9/27/2023,"CheckOutTime2023-09-27 20:32:28	"
71,"CheckInTime2023-09-28 11:39:57	",9/28/2023,"CheckOutTime	"
71,"CheckInTime2023-09-30 11:41:20	",9/30/2023,"CheckOutTime2023-09-30 20:35:59	"
75,"CheckInTime2023-09-01 12:42:24	",9/1/2023,"CheckOutTime2023-09-01 21:42:35	"
75,"CheckInTime2023-09-02 13:28:27	",9/2/2023,"CheckOutTime2023-09-02 19:11:50	"
75,"CheckInTime2023-09-04 12:06:39	",9/4/2023,"CheckOutTime2023-09-04 21:26:08	"
75,"CheckInTime2023-09-05 12:13:05	",9/5/2023,"CheckOutTime2023-09-05 21:44:29	"
75,"CheckInTime2023-09-06 11:37:50	",9/6/2023,"CheckOutTime2023-09-06 21:00:05	"
75,"CheckInTime2023-09-08 12:04:24	",9/8/2023,"CheckOutTime2023-09-08 21:25:09	"
75,"CheckInTime2023-09-09 12:22:48	",9/9/2023,"CheckOutTime	"
75,"CheckInTime2023-09-11 12:07:13	",9/11/2023,"CheckOutTime2023-09-11 21:32:18	"
75,"CheckInTime2023-09-13 11:54:42	",9/12/2023,"CheckOutTime2023-09-12 21:43:31	"
75,"CheckInTime2023-09-13 11:54:42	",9/13/2023,"CheckOutTime2023-09-13 21:23:55	"
75,"CheckInTime2023-09-14 12:02:47	",9/14/2023,"CheckOutTime2023-09-14 21:10:23	"
75,"CheckInTime2023-09-15 12:05:43	",9/15/2023,"CheckOutTime2023-09-15 20:29:00	"
75,"CheckInTime2023-09-16 12:24:34	",9/16/2023,"CheckOutTime2023-09-16 20:12:45	"
75,"CheckInTime2023-09-18 11:12:59	",9/18/2023,"CheckOutTime2023-09-18 20:27:46	"
75,"CheckInTime2023-09-19 11:56:39	",9/19/2023,"CheckOutTime2023-09-19 21:15:07	"
75,"CheckInTime2023-09-20 11:53:27	",9/20/2023,"CheckOutTime2023-09-20 20:47:27	"
75,"CheckInTime2023-09-21 18:13:43	",9/21/2023,"CheckOutTime2023-09-21 22:01:18	"
75,"CheckInTime2023-09-22 11:44:26	",9/22/2023,"CheckOutTime	"
75,"CheckInTime2023-09-30 12:58:58	",9/23/2023,"CheckOutTime	"
76,"CheckInTime2023-09-01 11:50:06	",9/1/2023,"CheckOutTime	"
76,"CheckInTime2023-09-02 12:04:48	",9/2/2023,"CheckOutTime	"
76,"CheckInTime2023-09-04 12:12:44	",9/4/2023,"CheckOutTime	"
76,"CheckInTime2023-09-05 11:50:24	",9/5/2023,"CheckOutTime	"
76,"CheckInTime2023-09-08 12:02:41	",9/6/2023,"CheckOutTime	"
76,"CheckInTime2023-09-09 12:01:08	",9/9/2023,"CheckOutTime	"
76,"CheckInTime2023-09-11 11:54:47	",9/11/2023,"CheckOutTime	"
76,"CheckInTime2023-09-12 12:09:02	",9/12/2023,"CheckOutTime	"
76,"CheckInTime2023-09-13 12:02:17	",9/13/2023,"CheckOutTime	"
76,"CheckInTime2023-09-14 11:53:02	",9/14/2023,"CheckOutTime	"
76,"CheckInTime2023-09-15 12:06:29	",9/15/2023,"CheckOutTime	"
76,"CheckInTime2023-09-16 12:15:43	",9/16/2023,"CheckOutTime	"
76,"CheckInTime2023-09-18 13:05:25	",9/18/2023,"CheckOutTime	"
76,"CheckInTime2023-09-19 12:06:05	",9/19/2023,"CheckOutTime	"
76,"CheckInTime2023-09-20 11:31:37	",9/20/2023,"CheckOutTime	"
76,"CheckInTime2023-09-21 11:49:29	",9/21/2023,"CheckOutTime	"
76,"CheckInTime2023-09-22 11:58:06	",9/22/2023,"CheckOutTime	"
76,"CheckInTime2023-09-23 11:52:00	",9/23/2023,"CheckOutTime	"
76,"CheckInTime2023-09-25 11:40:50	",9/25/2023,"CheckOutTime	"
76,"CheckInTime2023-09-26 11:35:41	",9/26/2023,"CheckOutTime	"
76,"CheckInTime2023-09-27 12:00:17	",9/27/2023,"CheckOutTime	"
76,"CheckInTime2023-09-28 11:52:28	",9/28/2023,"CheckOutTime	"
76,"CheckInTime2023-09-30 11:40:35	",9/30/2023,"CheckOutTime	"
78,"CheckInTime2023-09-01 12:36:37	",9/1/2023,"CheckOutTime2023-09-01 20:41:44	"
78,"CheckInTime2023-09-02 11:50:16	",9/2/2023,"CheckOutTime	"
78,"CheckInTime2023-09-04 12:55:26	",9/4/2023,"CheckOutTime2023-09-04 16:39:02	"
78,"CheckInTime2023-09-05 12:49:32	",9/5/2023,"CheckOutTime2023-09-05 20:36:59	"
78,"CheckInTime2023-09-06 10:44:00	",9/6/2023,"CheckOutTime2023-09-06 20:18:26	"
78,"CheckInTime2023-09-08 12:16:07	",9/8/2023,"CheckOutTime2023-09-08 20:32:24	"
78,"CheckInTime2023-09-09 12:37:29	",9/9/2023,"CheckOutTime2023-09-09 22:09:56	"
78,"CheckInTime2023-09-11 12:25:39	",9/11/2023,"CheckOutTime2023-09-11 20:37:50	"
78,"CheckInTime2023-09-12 12:24:03	",9/12/2023,"CheckOutTime2023-09-12 21:24:48	"
78,"CheckInTime2023-09-13 12:20:20	",9/13/2023,"CheckOutTime2023-09-13 21:05:52	"
78,"CheckInTime2023-09-14 11:45:37	",9/14/2023,"CheckOutTime2023-09-14 20:53:43	"
78,"CheckInTime2023-09-15 12:20:25	",9/15/2023,"CheckOutTime2023-09-15 20:33:12	"
78,"CheckInTime2023-09-16 11:51:24	",9/16/2023,"CheckOutTime	"
78,"CheckInTime2023-09-18 11:56:14	",9/18/2023,"CheckOutTime2023-09-18 21:04:49	"
78,"CheckInTime2023-09-19 12:01:52	",9/19/2023,"CheckOutTime2023-09-19 20:52:25	"
78,"CheckInTime2023-09-21 11:13:23	",9/20/2023,"CheckOutTime2023-09-21 20:49:37	"
78,"CheckInTime2023-09-22 12:30:19	",9/22/2023,"CheckOutTime2023-09-22 20:43:28	"
78,"CheckInTime2023-09-23 12:34:12	",9/23/2023,"CheckOutTime2023-09-23 20:45:21	"
78,"CheckInTime2023-09-25 11:57:11	",9/25/2023,"CheckOutTime2023-09-25 21:02:55	"
78,"CheckInTime2023-09-26 12:34:42	",9/26/2023,"CheckOutTime2023-09-26 21:06:07	"
78,"CheckInTime2023-09-27 12:47:25	",9/27/2023,"CheckOutTime2023-09-27 21:01:57	"
78,"CheckInTime2023-09-28 12:41:19	",9/28/2023,"CheckOutTime2023-09-28 21:00:59	"
78,"CheckInTime2023-09-16 11:30:23	",9/30/2023,"CheckOutTime2023-09-15 22:16:44	"
87,"CheckInTime2023-09-16 11:30:23	",9/16/2023,"CheckOutTime2023-09-16 21:35:06	"
87,"CheckInTime2023-09-18 11:39:16	",9/18/2023,"CheckOutTime2023-09-18 23:38:02	"
87,"CheckInTime2023-09-19 10:56:24	",9/19/2023,"CheckOutTime2023-09-19 21:36:28	"
87,"CheckInTime2023-09-20 11:14:44	",9/20/2023,"CheckOutTime2023-09-20 21:59:58	"
87,"CheckInTime2023-09-21 10:47:51	",9/21/2023,"CheckOutTime2023-09-21 22:15:47	"
87,"CheckInTime2023-09-22 11:20:08	",9/22/2023,"CheckOutTime2023-09-22 22:54:06	"
87,"CheckInTime2023-09-23 11:11:44	",9/23/2023,"CheckOutTime2023-09-23 20:29:11	"
87,"CheckInTime2023-09-25 11:18:28	",9/25/2023,"CheckOutTime2023-09-25 21:09:22	"
87,"CheckInTime2023-09-26 11:10:14	",9/26/2023,"CheckOutTime2023-09-26 21:01:04	"
87,"CheckInTime2023-09-27 11:28:46	",9/27/2023,"CheckOutTime2023-09-28 11:04:51	"
